year,Hotel's Class_en,emirate_en,Guests,Nights  
1995,5 star,abu dhabi,42653,104717
1995,4 star,abu dhabi,45655,120978
1995,3 star ,abu dhabi,14763,17942
1995,2 star,abu dhabi,0,0
1995,5 star,dubai,166439,292606
1995,4 star,dubai,44745,91782
1995,3 star ,dubai,62476,116292
1995,2 star,dubai,170135,330319
1995,5 star,sharjah,27671,60805
1995,4 star,sharjah,34493,60687
1995,3 star ,sharjah,0,0
1995,2 star,sharjah,0,0
1995,5 star, Ajman and Umm Al-Qiwain,0,0
1995,4 star, Ajman and Umm Al-Qiwain,0,0
1995,3 star , Ajman and Umm Al-Qiwain,0,0
1995,2 star, Ajman and Umm Al-Qiwain,0,0
1995,5 star,  Ras Al Khaima and Fujeira ,0,0
1995,4 star,  Ras Al Khaima and Fujeira ,0,0
1995,3 star ,  Ras Al Khaima and Fujeira ,0,0
1995,2 star,  Ras Al Khaima and Fujeira ,0,0
1994,5 star,abu dhabi,40931,107154
1994,4 star,abu dhabi,40008,117691
1994,3 star ,abu dhabi,17046,23524
1994,2 star,abu dhabi,0,0
1994,5 star,dubai,106430,222962
1994,4 star,dubai,53413,118094
1994,3 star ,dubai,67126,117418
1994,2 star,dubai,128099,268711
1994,5 star,sharjah,28082,58704
1994,4 star,sharjah,35159,83624
1994,3 star ,sharjah,0,0
1994,2 star,sharjah,0,0
1994,5 star, Ajman and Umm Al-Qiwain,0,0
1994,4 star, Ajman and Umm Al-Qiwain,0,0
1994,3 star , Ajman and Umm Al-Qiwain,0,0
1994,2 star, Ajman and Umm Al-Qiwain,0,0
1994,5 star,  Ras Al Khaima and Fujeira ,0,0
1994,4 star,  Ras Al Khaima and Fujeira ,0,0
1994,3 star ,  Ras Al Khaima and Fujeira ,0,0
1994,2 star,  Ras Al Khaima and Fujeira ,0,0
1993,5 star,abu dhabi,29124,64239
1993,4 star,abu dhabi,33277,100407
1993,3 star ,abu dhabi,15094,19715
1993,2 star,abu dhabi,0,0
1993,5 star,dubai,83740,184382
1993,4 star,dubai,45019,80482
1993,3 star ,dubai,84576,144474
1993,2 star,dubai,118149,264515
1993,5 star,sharjah,33938,80676
1993,4 star,sharjah,44707,102763
1993,3 star ,sharjah,0,0
1993,2 star,sharjah,0,0
1993,5 star, Ajman and Umm Al-Qiwain,0,0
1993,4 star, Ajman and Umm Al-Qiwain,0,0
1993,3 star , Ajman and Umm Al-Qiwain,0,0
1993,2 star, Ajman and Umm Al-Qiwain,0,0
1993,5 star,  Ras Al Khaima and Fujeira ,0,0
1993,4 star,  Ras Al Khaima and Fujeira ,0,0
1993,3 star ,  Ras Al Khaima and Fujeira ,0,0
1993,2 star,  Ras Al Khaima and Fujeira ,0,0
1992,5 star,abu dhabi,31264,68176
1992,4 star,abu dhabi,31874,102875
1992,3 star ,abu dhabi,13379,19796
1992,2 star,abu dhabi,0,0
1992,5 star,dubai,63316,139901
1992,4 star,dubai,37108,61964
1992,3 star ,dubai,61305,115168
1992,2 star,dubai,137132,252113
1992,5 star,sharjah,42964,92573
1992,4 star,sharjah,39925,98176
1992,3 star ,sharjah,0,0
1992,2 star,sharjah,0,0
1992,5 star, Ajman and Umm Al-Qiwain,0,0
1992,4 star, Ajman and Umm Al-Qiwain,0,0
1992,3 star , Ajman and Umm Al-Qiwain,0,0
1992,2 star, Ajman and Umm Al-Qiwain,0,0
1992,5 star,  Ras Al Khaima and Fujeira ,0,0
1992,4 star,  Ras Al Khaima and Fujeira ,0,0
1992,3 star ,  Ras Al Khaima and Fujeira ,0,0
1992,2 star,  Ras Al Khaima and Fujeira ,0,0
1991,5 star,abu dhabi,32699,65765
1991,4 star,abu dhabi,36493,126122
1991,3 star ,abu dhabi,12842,17741
1991,2 star,abu dhabi,0,0
1991,5 star,dubai,54140,174367
1991,4 star,dubai,36346,111045
1991,3 star ,dubai,51573,98446
1991,2 star,dubai,81951,182079
1991,5 star,sharjah,46606,104500
1991,4 star,sharjah,46952,167588
1991,3 star ,sharjah,0,0
1991,2 star,sharjah,0,0
1991,5 star, Ajman and Umm Al-Qiwain,0,0
1991,4 star, Ajman and Umm Al-Qiwain,0,0
1991,3 star , Ajman and Umm Al-Qiwain,0,0
1991,2 star, Ajman and Umm Al-Qiwain,0,0
1991,5 star,  Ras Al Khaima and Fujeira ,0,0
1991,4 star,  Ras Al Khaima and Fujeira ,0,0
1991,3 star ,  Ras Al Khaima and Fujeira ,0,0
1991,2 star,  Ras Al Khaima and Fujeira ,0,0
1990,5 star,abu dhabi,32079,75796
1990,4 star,abu dhabi,35782,119046
1990,3 star ,abu dhabi,8460,26413
1990,2 star,abu dhabi,0,0
1990,5 star,dubai,57395,199637
1990,4 star,dubai,26767,120800
1990,3 star ,dubai,48525,82308
1990,2 star,dubai,27003,66085
1990,5 star,sharjah,32305,102259
1990,4 star,sharjah,31916,97740
1990,3 star ,sharjah,0,0
1990,2 star,sharjah,0,0
1990,5 star, Ajman and Umm Al-Qiwain,0,0
1990,4 star, Ajman and Umm Al-Qiwain,0,0
1990,3 star , Ajman and Umm Al-Qiwain,0,0
1990,2 star, Ajman and Umm Al-Qiwain,0,0
1990,5 star,  Ras Al Khaima and Fujeira ,0,0
1990,4 star,  Ras Al Khaima and Fujeira ,0,0
1990,3 star ,  Ras Al Khaima and Fujeira ,0,0
1990,2 star,  Ras Al Khaima and Fujeira ,0,0
1989,5 star,abu dhabi,31254,63881
1989,4 star,abu dhabi,26477,47091
1989,3 star ,abu dhabi,0,0
1989,2 star,abu dhabi,0,0
1989,5 star,dubai,61482,148722
1989,4 star,dubai,28563,54534
1989,3 star ,dubai,40426,66742
1989,2 star,dubai,32778,69674
1989,5 star,sharjah,29929,61458
1989,4 star,sharjah,26995,64176
1989,3 star ,sharjah,0,0
1989,2 star,sharjah,0,0
1989,5 star, Ajman and Umm Al-Qiwain,0,0
1989,4 star, Ajman and Umm Al-Qiwain,0,0
1989,3 star , Ajman and Umm Al-Qiwain,0,0
1989,2 star, Ajman and Umm Al-Qiwain,0,0
1989,5 star,  Ras Al Khaima and Fujeira ,0,0
1989,4 star,  Ras Al Khaima and Fujeira ,0,0
1989,3 star ,  Ras Al Khaima and Fujeira ,0,0
1989,2 star,  Ras Al Khaima and Fujeira ,0,0
1988,5 star,abu dhabi,30517,48585
1988,4 star,abu dhabi,25025,42556
1988,3 star ,abu dhabi,0,0
1988,2 star,abu dhabi,0,0
1988,5 star,dubai,66293,142775
1988,4 star,dubai,38714,81367
1988,3 star ,dubai,30526,53388
1988,2 star,dubai,3772,7412
1988,5 star,sharjah,28793,64527
1988,4 star,sharjah,28702,75294
1988,3 star ,sharjah,0,0
1988,2 star,sharjah,0,0
1988,5 star, Ajman and Umm Al-Qiwain,0,0
1988,4 star, Ajman and Umm Al-Qiwain,0,0
1988,3 star , Ajman and Umm Al-Qiwain,0,0
1988,2 star, Ajman and Umm Al-Qiwain,0,0
1988,5 star,  Ras Al Khaima and Fujeira ,0,0
1988,4 star,  Ras Al Khaima and Fujeira ,0,0
1988,3 star ,  Ras Al Khaima and Fujeira ,0,0
1988,2 star,  Ras Al Khaima and Fujeira ,0,0
1987,5 star,abu dhabi,23322,46122
1987,4 star,abu dhabi,22155,36044
1987,3 star ,abu dhabi,0,0
1987,2 star,abu dhabi,0,0
1987,5 star,dubai,61537,113616
1987,4 star,dubai,47421,88763
1987,3 star ,dubai,24463,42934
1987,2 star,dubai,2616,5091
1987,5 star,sharjah,25451,49828
1987,4 star,sharjah,25717,67863
1987,3 star ,sharjah,0,0
1987,2 star,sharjah,0,0
1987,5 star, Ajman and Umm Al-Qiwain,0,0
1987,4 star, Ajman and Umm Al-Qiwain,0,0
1987,3 star , Ajman and Umm Al-Qiwain,0,0
1987,2 star, Ajman and Umm Al-Qiwain,0,0
1987,5 star,  Ras Al Khaima and Fujeira ,0,0
1987,4 star,  Ras Al Khaima and Fujeira ,0,0
1987,3 star ,  Ras Al Khaima and Fujeira ,0,0
1987,2 star,  Ras Al Khaima and Fujeira ,0,0
1986,5 star,abu dhabi,20361,42001
1986,4 star,abu dhabi,30180,43970
1986,3 star ,abu dhabi,0,0
1986,2 star,abu dhabi,0,0
1986,5 star,dubai,53132,110404
1986,4 star,dubai,39134,66099
1986,3 star ,dubai,18292,38233
1986,2 star,dubai,1876,4622
1986,5 star,sharjah and Ajman,21808,42556
1986,4 star,sharjah and Ajman,25640,65776
1986,3 star ,sharjah and Ajman,0,0
1986,2 star,sharjah and Ajman,0,0
1986,5 star, Umm Al-Qiwain,0,0
1986,4 star, Umm Al-Qiwain,0,0
1986,3 star , Umm Al-Qiwain,0,0
1986,2 star, Umm Al-Qiwain,0,0
1986,5 star,  Ras Al Khaima and Fujeira ,0,0
1986,4 star,  Ras Al Khaima and Fujeira ,0,0
1986,3 star ,  Ras Al Khaima and Fujeira ,0,0
1986,2 star,  Ras Al Khaima and Fujeira ,0,0
1985,5 star,abu dhabi,17144,30229
1985,4 star,abu dhabi,19839,37873
1985,3 star ,abu dhabi,0,0
1985,2 star,abu dhabi,0,0
1985,5 star,dubai,44126,94462
1985,4 star,dubai,32248,58013
1985,3 star ,dubai,15222,29926
1985,2 star,dubai,1761,4276
1985,5 star,sharjah and Ajman,23115,45606
1985,4 star,sharjah and Ajman,23595,58860
1985,3 star ,sharjah and Ajman,0,0
1985,2 star,sharjah and Ajman,0,0
1985,5 star, Umm Al-Qiwain,0,0
1985,4 star, Umm Al-Qiwain,0,0
1985,3 star , Umm Al-Qiwain,0,0
1985,2 star, Umm Al-Qiwain,0,0
1985,5 star,  Ras Al Khaima and Fujeira ,0,0
1985,4 star,  Ras Al Khaima and Fujeira ,0,0
1985,3 star ,  Ras Al Khaima and Fujeira ,0,0
1985,2 star,  Ras Al Khaima and Fujeira ,0,0
2005,5 star,abu dhabi,217191,486414
2005,4 star,abu dhabi,163437,310471
2005,3 star ,abu dhabi,30038,38423
2005,2 star,abu dhabi,0,0
2005,5 star,dubai,493275,1092153
2005,4 star,dubai,165370,351049
2005,3 star ,dubai,259988,522520
2005,2 star,dubai,321852,504739
2005,5 star,sharjah,27155,63549
2005,4 star,sharjah,34736,55446
2005,3 star ,sharjah,16749,62017
2005,2 star,sharjah,14371,18778
2005,5 star, Ajman,1906,2134
2005,4 star, Ajman,4364,12562
2005,3 star , Ajman,0,0
2005,2 star, Ajman,7977,12580
2005,5 star,  Ras Al Khaima and Fujeira ,51842,84582
2005,4 star,  Ras Al Khaima and Fujeira ,20376,26905
2005,3 star ,  Ras Al Khaima and Fujeira ,16021,29612
2005,2 star,  Ras Al Khaima and Fujeira ,0,0
2004,5 star,abu dhabi,212814,454212
2004,4 star,abu dhabi,166802,306374
2004,3 star ,abu dhabi,18941,25923
2004,2 star,abu dhabi,0,0
2004,5 star,dubai,443114,1046428
2004,4 star,dubai,131701,281738
2004,3 star ,dubai,258502,522556
2004,2 star,dubai,291761,455656
2004,5 star,sharjah,20996,33908
2004,4 star,sharjah,21234,37160
2004,3 star ,sharjah,16223,34800
2004,2 star,sharjah,10840,13816
2004,5 star, Ajman and Umm Al-Qiwain,2314,3386
2004,4 star, Ajman and Umm Al-Qiwain,0,0
2004,3 star , Ajman and Umm Al-Qiwain,0,0
2004,2 star, Ajman and Umm Al-Qiwain,4205,8278
2004,5 star,  Ras Al Khaima and Fujeira ,55751,93340
2004,4 star,  Ras Al Khaima and Fujeira ,23971,33589
2004,3 star ,  Ras Al Khaima and Fujeira ,13019,25272
2004,2 star,  Ras Al Khaima and Fujeira ,0,0
2003,5 star,abu dhabi,202393,435257
2003,4 star,abu dhabi,159079,296402
2003,3 star ,abu dhabi,18303,28744
2003,2 star,abu dhabi,0,0
2003,5 star,dubai,487808,1100799
2003,4 star,dubai,128404,250686
2003,3 star ,dubai,257314,447839
2003,2 star,dubai,274945,393129
2003,5 star,sharjah,59246,131043
2003,4 star,sharjah,56032,122447
2003,3 star ,sharjah,16052,29625
2003,2 star,sharjah,15431,20213
2003,5 star, Ajman and Umm Al-Qiwain,3652,6386
2003,4 star, Ajman and Umm Al-Qiwain,3363,10475
2003,3 star , Ajman and Umm Al-Qiwain,0,0
2003,2 star, Ajman and Umm Al-Qiwain,1649,7637
2003,5 star,  Ras Al Khaima and Fujeira ,61591,101251
2003,4 star,  Ras Al Khaima and Fujeira ,19305,31640
2003,3 star ,  Ras Al Khaima and Fujeira ,14578,27504
2003,2 star,  Ras Al Khaima and Fujeira ,0,0
2002,5 star,abu dhabi,164401,349265
2002,4 star,abu dhabi,184729,308053
2002,3 star ,abu dhabi,13022,20312
2002,2 star,abu dhabi,0,0
2002,5 star,dubai,457482,847539
2002,4 star,dubai,103695,193700
2002,3 star ,dubai,276593,467306
2002,2 star,dubai,275567,341866
2002,5 star,sharjah,34139,68527
2002,4 star,sharjah,52135,115104
2002,3 star ,sharjah,18522,32163
2002,2 star,sharjah,15406,18491
2002,5 star, Ajman and Umm Al-Qiwain,3055,5700
2002,4 star, Ajman and Umm Al-Qiwain,3251,10318
2002,3 star , Ajman and Umm Al-Qiwain,0,0
2002,2 star, Ajman and Umm Al-Qiwain,2535,9617
2002,5 star,  Ras Al Khaima and Fujeira ,26940,41539
2002,4 star,  Ras Al Khaima and Fujeira ,15796,25285
2002,3 star ,  Ras Al Khaima and Fujeira ,12216,27067
2002,2 star,  Ras Al Khaima and Fujeira ,0,0
2001,5 star,abu dhabi,142882,308031
2001,4 star,abu dhabi,189599,320209
2001,3 star ,abu dhabi,12446,16053
2001,2 star,abu dhabi,0,0
2001,5 star,dubai,305639,588777
2001,4 star,dubai,111249,217298
2001,3 star ,dubai,210334,370120
2001,2 star,dubai,250044,379317
2001,5 star,sharjah,26888,58125
2001,4 star,sharjah,64829,115358
2001,3 star ,sharjah,0,0
2001,2 star,sharjah,0,0
2001,5 star, Ajman and Umm Al-Qiwain,0,0
2001,4 star, Ajman and Umm Al-Qiwain,5669,18697
2001,3 star , Ajman and Umm Al-Qiwain,0,0
2001,2 star, Ajman and Umm Al-Qiwain,0,0
2001,5 star,  Ras Al Khaima and Fujeira ,8763,17836
2001,4 star,  Ras Al Khaima and Fujeira ,13231,19962
2001,3 star ,  Ras Al Khaima and Fujeira ,13287,23782
2001,2 star,  Ras Al Khaima and Fujeira ,0,0
2000,5 star,abu dhabi,135456,308685
2000,4 star,abu dhabi,191497,379716
2000,3 star ,abu dhabi,12818,18850
2000,2 star,abu dhabi,0,0
2000,5 star,dubai,236472,513912
2000,4 star,dubai,94348,167103
2000,3 star ,dubai,201242,376107
2000,2 star,dubai,263434,428205
2000,5 star,sharjah,33802,68304
2000,4 star,sharjah,69879,125885
2000,3 star ,sharjah,0,0
2000,2 star,sharjah,0,0
1999,5 star,abu dhabi,108977,243227
1999,4 star,abu dhabi,82857,250258
1999,3 star ,abu dhabi,15584,21719
1999,2 star,abu dhabi,0,0
1999,5 star,dubai,285652,568308
1999,4 star,dubai,110933,224409
1999,3 star ,dubai,72323,120527
1999,2 star,dubai,193890,310512
1999,5 star,sharjah,33510,61597
1999,4 star,sharjah,59632,114785
1999,3 star ,sharjah,0,0
1999,2 star,sharjah,0,0
1998,5 star,abu dhabi,61194,191992
1998,4 star,abu dhabi,71699,202753
1998,3 star ,abu dhabi,138684,18684
1998,2 star,abu dhabi,0,0
1998,5 star,dubai,255340,496960
1998,4 star,dubai,77221,165654
1998,3 star ,dubai,79865,150937
1998,2 star,dubai,187223,332864
1998,5 star,sharjah,19896,35284
1998,4 star,sharjah,43171,92277
1998,3 star ,sharjah,0,0
1998,2 star,sharjah,0,0
1997,5 star,abu dhabi,37688,119800
1997,4 star,abu dhabi,61908,162481
1997,3 star ,abu dhabi,13925,18169
1997,2 star,abu dhabi,0,0
1997,5 star,dubai,156481,296591
1997,4 star,dubai,74329,140169
1997,3 star ,dubai,84406,147899
1997,2 star,dubai,179329,346854
1997,5 star,sharjah,17496,40809
1997,4 star,sharjah,38531,85485
1997,3 star ,sharjah,0,0
1997,2 star,sharjah,0,0
1996,5 star,abu dhabi,47457,148460
1996,4 star,abu dhabi,59131,147442
1996,3 star ,abu dhabi,15105,19075
1996,2 star,abu dhabi,0,0
1996,5 star,dubai,146624,302675
1996,4 star,dubai,53558,110387
1996,3 star ,dubai,74006,131022
1996,2 star,dubai,195912,346206
1996,5 star,sharjah,27059,44664
1996,4 star,sharjah,29972,60984
1996,3 star ,sharjah,0,0
1996,2 star,sharjah,0,0
1995,5 star,abu dhabi,26257,59302
1995,4 star,abu dhabi,27234,113387
1995,3 star ,abu dhabi,2869,6237
1995,2 star,abu dhabi,0,0
1995,5 star,dubai,42541,82637
1995,4 star,dubai,14569,31621
1995,3 star ,dubai,12066,30324
1995,2 star,dubai,31629,83220
1995,5 star,sharjah,13267,40264
1995,4 star,sharjah,13830,43441
1995,3 star ,sharjah,0,0
1995,2 star,sharjah,0,0
1995,5 star, Ajman and Umm Al-Qiwain,0,0
1995,4 star, Ajman and Umm Al-Qiwain,0,0
1995,3 star , Ajman and Umm Al-Qiwain,0,0
1995,2 star, Ajman and Umm Al-Qiwain,0,0
1995,5 star,  Ras Al Khaima and Fujeira ,0,0
1995,4 star,  Ras Al Khaima and Fujeira ,0,0
1995,3 star ,  Ras Al Khaima and Fujeira ,0,0
1995,2 star,  Ras Al Khaima and Fujeira ,0,0
1994,5 star,abu dhabi,24119,57803
1994,4 star,abu dhabi,21482,97872
1994,3 star ,abu dhabi,3350,6706
1994,2 star,abu dhabi,0,0
1994,5 star,dubai,29719,59967
1994,4 star,dubai,22867,53886
1994,3 star ,dubai,8217,24991
1994,2 star,dubai,25359,58987
1994,5 star,sharjah,20012,54184
1994,4 star,sharjah,6121,49335
1994,3 star ,sharjah,0,0
1994,2 star,sharjah,0,0
1994,5 star, Ajman and Umm Al-Qiwain,0,0
1994,4 star, Ajman and Umm Al-Qiwain,0,0
1994,3 star , Ajman and Umm Al-Qiwain,0,0
1994,2 star, Ajman and Umm Al-Qiwain,0,0
1994,5 star,  Ras Al Khaima and Fujeira ,0,0
1994,4 star,  Ras Al Khaima and Fujeira ,0,0
1994,3 star ,  Ras Al Khaima and Fujeira ,0,0
1994,2 star,  Ras Al Khaima and Fujeira ,0,0
1993,5 star,abu dhabi,16622,50049
1993,4 star,abu dhabi,17685,83154
1993,3 star ,abu dhabi,3825,8264
1993,2 star,abu dhabi,0,0
1993,5 star,dubai,27023,56748
1993,4 star,dubai,17156,41220
1993,3 star ,dubai,6538,23855
1993,2 star,dubai,20526,47270
1993,5 star,sharjah,21137,52264
1993,4 star,sharjah,7943,63654
1993,3 star ,sharjah,0,0
1993,2 star,sharjah,0,0
1993,5 star, Ajman and Umm Al-Qiwain,0,0
1993,4 star, Ajman and Umm Al-Qiwain,0,0
1993,3 star , Ajman and Umm Al-Qiwain,0,0
1993,2 star, Ajman and Umm Al-Qiwain,0,0
1993,5 star,  Ras Al Khaima and Fujeira ,0,0
1993,4 star,  Ras Al Khaima and Fujeira ,0,0
1993,3 star ,  Ras Al Khaima and Fujeira ,0,0
1993,2 star,  Ras Al Khaima and Fujeira ,0,0
1992,5 star,abu dhabi,19849,57168
1992,4 star,abu dhabi,19372,106907
1992,3 star ,abu dhabi,4047,6779
1992,2 star,abu dhabi,0,0
1992,5 star,dubai,22116,45204
1992,4 star,dubai,9748,29218
1992,3 star ,dubai,5335,15464
1992,2 star,dubai,23669,57922
1992,5 star,sharjah,20501,52047
1992,4 star,sharjah,8210,55904
1992,3 star ,sharjah,0,0
1992,2 star,sharjah,0,0
1992,5 star, Ajman and Umm Al-Qiwain,0,0
1992,4 star, Ajman and Umm Al-Qiwain,0,0
1992,3 star , Ajman and Umm Al-Qiwain,0,0
1992,2 star, Ajman and Umm Al-Qiwain,0,0
1992,5 star,  Ras Al Khaima and Fujeira ,0,0
1992,4 star,  Ras Al Khaima and Fujeira ,0,0
1992,3 star ,  Ras Al Khaima and Fujeira ,0,0
1992,2 star,  Ras Al Khaima and Fujeira ,0,0
1991,5 star,abu dhabi,16643,50370
1991,4 star,abu dhabi,18152,101102
1991,3 star ,abu dhabi,3598,6437
1991,2 star,abu dhabi,0,0
1991,5 star,dubai,20821,43609
1991,4 star,dubai,5815,22114
1991,3 star ,dubai,3673,8786
1991,2 star,dubai,15942,34710
1991,5 star,sharjah,17696,48011
1991,4 star,sharjah,7100,46843
1991,3 star ,sharjah,0,0
1991,2 star,sharjah,0,0
1991,5 star, Ajman and Umm Al-Qiwain,0,0
1991,4 star, Ajman and Umm Al-Qiwain,0,0
1991,3 star , Ajman and Umm Al-Qiwain,0,0
1991,2 star, Ajman and Umm Al-Qiwain,0,0
1991,5 star,  Ras Al Khaima and Fujeira ,0,0
1991,4 star,  Ras Al Khaima and Fujeira ,0,0
1991,3 star ,  Ras Al Khaima and Fujeira ,0,0
1991,2 star,  Ras Al Khaima and Fujeira ,0,0
1990,5 star,abu dhabi,21111,54313
1990,4 star,abu dhabi,20904,138257
1990,3 star ,abu dhabi,3582,6183
1990,2 star,abu dhabi,0,0
1990,5 star,dubai,22137,49760
1990,4 star,dubai,9355,30007
1990,3 star ,dubai,6684,14112
1990,2 star,dubai,11939,34008
1990,5 star,sharjah,20114,56280
1990,4 star,sharjah,9519,79319
1990,3 star ,sharjah,0,0
1990,2 star,sharjah,0,0
1990,5 star, Ajman and Umm Al-Qiwain,0,0
1990,4 star, Ajman and Umm Al-Qiwain,0,0
1990,3 star , Ajman and Umm Al-Qiwain,0,0
1990,2 star, Ajman and Umm Al-Qiwain,0,0
1990,5 star,  Ras Al Khaima and Fujeira ,0,0
1990,4 star,  Ras Al Khaima and Fujeira ,0,0
1990,3 star ,  Ras Al Khaima and Fujeira ,0,0
1990,2 star,  Ras Al Khaima and Fujeira ,0,0
1989,5 star,abu dhabi,23624,57462
1989,4 star,abu dhabi,18779,67379
1989,3 star ,abu dhabi,0,0
1989,2 star,abu dhabi,0,0
1989,5 star,dubai,27799,66954
1989,4 star,dubai,10111,34229
1989,3 star ,dubai,6837,17553
1989,2 star,dubai,14248,39922
1989,5 star,sharjah,22920,90201
1989,4 star,sharjah,10876,96140
1989,3 star ,sharjah,0,0
1989,2 star,sharjah,0,0
1989,5 star, Ajman and Umm Al-Qiwain,0,0
1989,4 star, Ajman and Umm Al-Qiwain,0,0
1989,3 star , Ajman and Umm Al-Qiwain,0,0
1989,2 star, Ajman and Umm Al-Qiwain,0,0
1989,5 star,  Ras Al Khaima and Fujeira ,0,0
1989,4 star,  Ras Al Khaima and Fujeira ,0,0
1989,3 star ,  Ras Al Khaima and Fujeira ,0,0
1989,2 star,  Ras Al Khaima and Fujeira ,0,0
1988,5 star,abu dhabi,28916,59189
1988,4 star,abu dhabi,17408,65185
1988,3 star ,abu dhabi,0,0
1988,2 star,abu dhabi,0,0
1988,5 star,dubai,30907,72056
1988,4 star,dubai,11719,38043
1988,3 star ,dubai,7366,13438
1988,2 star,dubai,3287,9413
1988,5 star,sharjah,23698,91031
1988,4 star,sharjah,11123,87167
1988,3 star ,sharjah,0,0
1988,2 star,sharjah,0,0
1988,5 star, Ajman and Umm Al-Qiwain,0,0
1988,4 star, Ajman and Umm Al-Qiwain,0,0
1988,3 star , Ajman and Umm Al-Qiwain,0,0
1988,2 star, Ajman and Umm Al-Qiwain,0,0
1988,5 star,  Ras Al Khaima and Fujeira ,0,0
1988,4 star,  Ras Al Khaima and Fujeira ,0,0
1988,3 star ,  Ras Al Khaima and Fujeira ,0,0
1988,2 star,  Ras Al Khaima and Fujeira ,0,0
1987,5 star,abu dhabi,18578,43467
1987,4 star,abu dhabi,18926,71463
1987,3 star ,abu dhabi,0,0
1987,2 star,abu dhabi,0,0
1987,5 star,dubai,26241,66896
1987,4 star,dubai,12089,25943
1987,3 star ,dubai,7460,13095
1987,2 star,dubai,1489,7693
1987,5 star,sharjah,22275,85120
1987,4 star,sharjah,8510,72481
1987,3 star ,sharjah,0,0
1987,2 star,sharjah,0,0
1987,5 star, Ajman and Umm Al-Qiwain,0,0
1987,4 star, Ajman and Umm Al-Qiwain,0,0
1987,3 star , Ajman and Umm Al-Qiwain,0,0
1987,2 star, Ajman and Umm Al-Qiwain,0,0
1987,5 star,  Ras Al Khaima and Fujeira ,0,0
1987,4 star,  Ras Al Khaima and Fujeira ,0,0
1987,3 star ,  Ras Al Khaima and Fujeira ,0,0
1987,2 star,  Ras Al Khaima and Fujeira ,0,0
1986,5 star,abu dhabi,17032,36622
1986,4 star,abu dhabi,17442,57826
1986,3 star ,abu dhabi,0,0
1986,2 star,abu dhabi,0,0
1986,5 star,dubai,24062,62920
1986,4 star,dubai,9828,22995
1986,3 star ,dubai,3493,7955
1986,2 star,dubai,881,6160
1986,5 star,sharjah and Ajman,18853,51470
1986,4 star,sharjah and Ajman,8509,79919
1986,3 star ,sharjah and Ajman,0,0
1986,2 star,sharjah and Ajman,0,0
1986,5 star, Umm Al-Qiwain,0,0
1986,4 star, Umm Al-Qiwain,0,0
1986,3 star , Umm Al-Qiwain,0,0
1986,2 star, Umm Al-Qiwain,0,0
1986,5 star,  Ras Al Khaima and Fujeira ,0,0
1986,4 star,  Ras Al Khaima and Fujeira ,0,0
1986,3 star ,  Ras Al Khaima and Fujeira ,0,0
1986,2 star,  Ras Al Khaima and Fujeira ,0,0
1985,5 star,abu dhabi,13488,38170
1985,4 star,abu dhabi,18541,56583
1985,3 star ,abu dhabi,0,0
1985,2 star,abu dhabi,0,0
1985,5 star,dubai,28362,70668
1985,4 star,dubai,7539,24810
1985,3 star ,dubai,1925,6680
1985,2 star,dubai,1001,7378
1985,5 star,sharjah and Ajman,19911,65302
1985,4 star,sharjah and Ajman,9245,58589
1985,3 star ,sharjah and Ajman,0,0
1985,2 star,sharjah and Ajman,0,0
1985,5 star, Umm Al-Qiwain,0,0
1985,4 star, Umm Al-Qiwain,0,0
1985,3 star , Umm Al-Qiwain,0,0
1985,2 star, Umm Al-Qiwain,0,0
1985,5 star,  Ras Al Khaima and Fujeira ,0,0
1985,4 star,  Ras Al Khaima and Fujeira ,0,0
1985,3 star ,  Ras Al Khaima and Fujeira ,0,0
1985,2 star,  Ras Al Khaima and Fujeira ,0,0
2005,5 star,abu dhabi,55396,128401
2005,4 star,abu dhabi,85223,205146
2005,3 star ,abu dhabi,6800,10734
2005,2 star,abu dhabi,0,0
2005,5 star,dubai,130500,271662
2005,4 star,dubai,89222,203987
2005,3 star ,dubai,140456,349496
2005,2 star,dubai,97782,268498
2005,5 star,sharjah,17755,47460
2005,4 star,sharjah,12366,31775
2005,3 star ,sharjah,6785,38863
2005,2 star,sharjah,1898,4488
2005,5 star, Ajman,838,927
2005,4 star, Ajman,604,2082
2005,3 star , Ajman,0,0
2005,2 star, Ajman,8955,28157
2005,5 star,  Ras Al Khaima and Fujeira ,2658,5758
2005,4 star,  Ras Al Khaima and Fujeira ,5008,13123
2005,3 star ,  Ras Al Khaima and Fujeira ,2037,4616
2005,2 star,  Ras Al Khaima and Fujeira ,0,0
2004,5 star,abu dhabi,54278,118200
2004,4 star,abu dhabi,75005,225102
2004,3 star ,abu dhabi,4247,8000
2004,2 star,abu dhabi,0,0
2004,5 star,dubai,120034,264074
2004,4 star,dubai,68693,172980
2004,3 star ,dubai,153487,379576
2004,2 star,dubai,70495,196033
2004,5 star,sharjah,14379,33175
2004,4 star,sharjah,9597,26784
2004,3 star ,sharjah,5198,19188
2004,2 star,sharjah,1282,3672
2004,5 star, Ajman and Umm Al-Qiwain,812,1546
2004,4 star, Ajman and Umm Al-Qiwain,0,0
2004,3 star , Ajman and Umm Al-Qiwain,0,0
2004,2 star, Ajman and Umm Al-Qiwain,2417,17372
2004,5 star,  Ras Al Khaima and Fujeira ,2396,4348
2004,4 star,  Ras Al Khaima and Fujeira ,4275,10897
2004,3 star ,  Ras Al Khaima and Fujeira ,1267,3318
2004,2 star,  Ras Al Khaima and Fujeira ,0,0
2003,5 star,abu dhabi,46480,110797
2003,4 star,abu dhabi,64030,194804
2003,3 star ,abu dhabi,2622,5302
2003,2 star,abu dhabi,0,0
2003,5 star,dubai,141004,294796
2003,4 star,dubai,71426,151825
2003,3 star ,dubai,157657,317583
2003,2 star,dubai,77597,208483
2003,5 star,sharjah,30475,69114
2003,4 star,sharjah,22329,62001
2003,3 star ,sharjah,6570,19262
2003,2 star,sharjah,1562,3845
2003,5 star, Ajman and Umm Al-Qiwain,1093,1880
2003,4 star, Ajman and Umm Al-Qiwain,551,1340
2003,3 star , Ajman and Umm Al-Qiwain,0,0
2003,2 star, Ajman and Umm Al-Qiwain,1171,13511
2003,5 star,  Ras Al Khaima and Fujeira ,2317,4575
2003,4 star,  Ras Al Khaima and Fujeira ,3392,7237
2003,3 star ,  Ras Al Khaima and Fujeira ,1719,4666
2003,2 star,  Ras Al Khaima and Fujeira ,0,0
2002,5 star,abu dhabi,35522,88806
2002,4 star,abu dhabi,60682,176317
2002,3 star ,abu dhabi,3431,7325
2002,2 star,abu dhabi,0,0
2002,5 star,dubai,130752,246135
2002,4 star,dubai,59352,118983
2002,3 star ,dubai,159034,305914
2002,2 star,dubai,80190,198475
2002,5 star,sharjah,26770,54110
2002,4 star,sharjah,22267,56642
2002,3 star ,sharjah,6159,14155
2002,2 star,sharjah,1586,3342
2002,5 star, Ajman and Umm Al-Qiwain,1139,2062
2002,4 star, Ajman and Umm Al-Qiwain,863,1674
2002,3 star , Ajman and Umm Al-Qiwain,0,0
2002,2 star, Ajman and Umm Al-Qiwain,1300,11673
2002,5 star,  Ras Al Khaima and Fujeira ,2603,4616
2002,4 star,  Ras Al Khaima and Fujeira ,3401,7943
2002,3 star ,  Ras Al Khaima and Fujeira ,2402,7629
2002,2 star,  Ras Al Khaima and Fujeira ,0,0
2001,5 star,abu dhabi,29132,78263
2001,4 star,abu dhabi,52782,181404
2001,3 star ,abu dhabi,3208,6871
2001,2 star,abu dhabi,0,0
2001,5 star,dubai,86195,171722
2001,4 star,dubai,64422,133098
2001,3 star ,dubai,84717,179489
2001,2 star,dubai,64231,169329
2001,5 star,sharjah,23227,49173
2001,4 star,sharjah,24410,66370
2001,3 star ,sharjah,0,0
2001,2 star,sharjah,0,0
2001,5 star, Ajman and Umm Al-Qiwain,0,0
2001,4 star, Ajman and Umm Al-Qiwain,1931,14920
2001,3 star , Ajman and Umm Al-Qiwain,0,0
2001,2 star, Ajman and Umm Al-Qiwain,0,0
2001,5 star,  Ras Al Khaima and Fujeira ,2021,3555
2001,4 star,  Ras Al Khaima and Fujeira ,3286,7989
2001,3 star ,  Ras Al Khaima and Fujeira ,2256,6443
2001,2 star,  Ras Al Khaima and Fujeira ,0,0
2000,5 star,abu dhabi,25288,75019
2000,4 star,abu dhabi,51789,207103
2000,3 star ,abu dhabi,3571,6542
2000,2 star,abu dhabi,0,0
2000,5 star,dubai,76548,185460
2000,4 star,dubai,54962,106865
2000,3 star ,dubai,87927,202098
2000,2 star,dubai,72670,159770
2000,5 star,sharjah,22341,50377
2000,4 star,sharjah,22325,82832
2000,3 star ,sharjah,0,0
2000,2 star,sharjah,0,0
1999,5 star,abu dhabi,26362,58575
1999,4 star,abu dhabi,43398,181713
1999,3 star ,abu dhabi,4238,10219
1999,2 star,abu dhabi,0,0
1999,5 star,dubai,93136,196749
1999,4 star,dubai,66219,142889
1999,3 star ,dubai,24891,66433
1999,2 star,dubai,52544,118177
1999,5 star,sharjah,31227,53769
1999,4 star,sharjah,17282,71770
1999,3 star ,sharjah,0,0
1999,2 star,sharjah,0,0
1998,5 star,abu dhabi,19901,59709
1998,4 star,abu dhabi,37018,164884
1998,3 star ,abu dhabi,3736,9060
1998,2 star,abu dhabi,0,0
1998,5 star,dubai,81415,177971
1998,4 star,dubai,33047,83966
1998,3 star ,dubai,26671,61624
1998,2 star,dubai,49469,124437
1998,5 star,sharjah,28682,52130
1998,4 star,sharjah,14419,49301
1998,3 star ,sharjah,0,0
1998,2 star,sharjah,0,0
1997,5 star,abu dhabi,20764,56604
1997,4 star,abu dhabi,32118,143601
1997,3 star ,abu dhabi,3541,8139
1997,2 star,abu dhabi,0,0
1997,5 star,dubai,49248,100491
1997,4 star,dubai,27221,63855
1997,3 star ,dubai,19957,50701
1997,2 star,dubai,48762,118239
1997,5 star,sharjah,19564,46202
1997,4 star,sharjah,11751,52132
1997,3 star ,sharjah,0,0
1997,2 star,sharjah,0,0
1996,5 star,abu dhabi,25444,64632
1996,4 star,abu dhabi,29475,130331
1996,3 star ,abu dhabi,3179,5211
1996,2 star,abu dhabi,0,0
1996,5 star,dubai,45675,94829
1996,4 star,dubai,17273,41475
1996,3 star ,dubai,15409,36902
1996,2 star,dubai,44990,92522
1996,5 star,sharjah,20950,48625
1996,4 star,sharjah,9389,29832
1996,3 star ,sharjah,0,0
1996,2 star,sharjah,0,0
1995,5 star,abu dhabi,63452,133309
1995,4 star,abu dhabi,32115,122916
1995,3 star ,abu dhabi,3367,12433
1995,2 star,abu dhabi,0,0
1995,5 star,dubai,143350,210603
1995,4 star,dubai,73393,174375
1995,3 star ,dubai,60367,174762
1995,2 star,dubai,135894,383872
1995,5 star,sharjah,25331,88065
1995,4 star,sharjah,33109,140685
1995,3 star ,sharjah,0,0
1995,2 star,sharjah,0,0
1995,5 star, Ajman and Umm Al-Qiwain,0,0
1995,4 star, Ajman and Umm Al-Qiwain,0,0
1995,3 star , Ajman and Umm Al-Qiwain,0,0
1995,2 star, Ajman and Umm Al-Qiwain,0,0
1995,5 star,  Ras Al Khaima and Fujeira ,0,0
1995,4 star,  Ras Al Khaima and Fujeira ,0,0
1995,3 star ,  Ras Al Khaima and Fujeira ,0,0
1995,2 star,  Ras Al Khaima and Fujeira ,0,0
1994,5 star,abu dhabi,64214,139185
1994,4 star,abu dhabi,23753,105495
1994,3 star ,abu dhabi,3370,9415
1994,2 star,abu dhabi,0,0
1994,5 star,dubai,109527,205108
1994,4 star,dubai,95999,224095
1994,3 star ,dubai,32335,105429
1994,2 star,dubai,112088,318459
1994,5 star,sharjah,31083,110341
1994,4 star,sharjah,22599,120053
1994,3 star ,sharjah,0,0
1994,2 star,sharjah,0,0
1994,5 star, Ajman and Umm Al-Qiwain,0,0
1994,4 star, Ajman and Umm Al-Qiwain,0,0
1994,3 star , Ajman and Umm Al-Qiwain,0,0
1994,2 star, Ajman and Umm Al-Qiwain,0,0
1994,5 star,  Ras Al Khaima and Fujeira ,0,0
1994,4 star,  Ras Al Khaima and Fujeira ,0,0
1994,3 star ,  Ras Al Khaima and Fujeira ,0,0
1994,2 star,  Ras Al Khaima and Fujeira ,0,0
1993,5 star,abu dhabi,44757,97773
1993,4 star,abu dhabi,20838,100926
1993,3 star ,abu dhabi,2025,5039
1993,2 star,abu dhabi,0,0
1993,5 star,dubai,110786,203586
1993,4 star,dubai,95406,217612
1993,3 star ,dubai,35876,116051
1993,2 star,dubai,102663,308959
1993,5 star,sharjah,23787,80388
1993,4 star,sharjah,25060,122435
1993,3 star ,sharjah,0,0
1993,2 star,sharjah,0,0
1993,5 star, Ajman and Umm Al-Qiwain,0,0
1993,4 star, Ajman and Umm Al-Qiwain,0,0
1993,3 star , Ajman and Umm Al-Qiwain,0,0
1993,2 star, Ajman and Umm Al-Qiwain,0,0
1993,5 star,  Ras Al Khaima and Fujeira ,0,0
1993,4 star,  Ras Al Khaima and Fujeira ,0,0
1993,3 star ,  Ras Al Khaima and Fujeira ,0,0
1993,2 star,  Ras Al Khaima and Fujeira ,0,0
1992,5 star,abu dhabi,39749,86458
1992,4 star,abu dhabi,19702,114559
1992,3 star ,abu dhabi,2033,4637
1992,2 star,abu dhabi,0,0
1992,5 star,dubai,108238,200030
1992,4 star,dubai,81675,159641
1992,3 star ,dubai,34100,102244
1992,2 star,dubai,129385,330359
1992,5 star,sharjah,18955,59389
1992,4 star,sharjah,14018,93702
1992,3 star ,sharjah,0,0
1992,2 star,sharjah,0,0
1992,5 star, Ajman and Umm Al-Qiwain,0,0
1992,4 star, Ajman and Umm Al-Qiwain,0,0
1992,3 star , Ajman and Umm Al-Qiwain,0,0
1992,2 star, Ajman and Umm Al-Qiwain,0,0
1992,5 star,  Ras Al Khaima and Fujeira ,0,0
1992,4 star,  Ras Al Khaima and Fujeira ,0,0
1992,3 star ,  Ras Al Khaima and Fujeira ,0,0
1992,2 star,  Ras Al Khaima and Fujeira ,0,0
1991,5 star,abu dhabi,28420,65768
1991,4 star,abu dhabi,16231,90798
1991,3 star ,abu dhabi,1929,4586
1991,2 star,abu dhabi,0,0
1991,5 star,dubai,95435,171626
1991,4 star,dubai,60488,134296
1991,3 star ,dubai,17336,51501
1991,2 star,dubai,78021,208198
1991,5 star,sharjah,16212,44241
1991,4 star,sharjah,7581,89808
1991,3 star ,sharjah,0,0
1991,2 star,sharjah,0,0
1991,5 star, Ajman and Umm Al-Qiwain,0,0
1991,4 star, Ajman and Umm Al-Qiwain,0,0
1991,3 star , Ajman and Umm Al-Qiwain,0,0
1991,2 star, Ajman and Umm Al-Qiwain,0,0
1991,5 star,  Ras Al Khaima and Fujeira ,0,0
1991,4 star,  Ras Al Khaima and Fujeira ,0,0
1991,3 star ,  Ras Al Khaima and Fujeira ,0,0
1991,2 star,  Ras Al Khaima and Fujeira ,0,0
1990,5 star,abu dhabi,41174,80722
1990,4 star,abu dhabi,15821,82722
1990,3 star ,abu dhabi,1791,4605
1990,2 star,abu dhabi,0,0
1990,5 star,dubai,96704,180348
1990,4 star,dubai,78761,178464
1990,3 star ,dubai,33576,93628
1990,2 star,dubai,42049,131824
1990,5 star,sharjah,21914,72495
1990,4 star,sharjah,10651,103392
1990,3 star ,sharjah,0,0
1990,2 star,sharjah,0,0
1990,5 star, Ajman and Umm Al-Qiwain,0,0
1990,4 star, Ajman and Umm Al-Qiwain,0,0
1990,3 star , Ajman and Umm Al-Qiwain,0,0
1990,2 star, Ajman and Umm Al-Qiwain,0,0
1990,5 star,  Ras Al Khaima and Fujeira ,0,0
1990,4 star,  Ras Al Khaima and Fujeira ,0,0
1990,3 star ,  Ras Al Khaima and Fujeira ,0,0
1990,2 star,  Ras Al Khaima and Fujeira ,0,0
1989,5 star,abu dhabi,44539,78284
1989,4 star,abu dhabi,13863,37561
1989,3 star ,abu dhabi,0,0
1989,2 star,abu dhabi,0,0
1989,5 star,dubai,100097,187954
1989,4 star,dubai,74218,196186
1989,3 star ,dubai,30308,88049
1989,2 star,dubai,40499,131062
1989,5 star,sharjah,19233,68052
1989,4 star,sharjah,9825,100381
1989,3 star ,sharjah,0,0
1989,2 star,sharjah,0,0
1989,5 star, Ajman and Umm Al-Qiwain,0,0
1989,4 star, Ajman and Umm Al-Qiwain,0,0
1989,3 star , Ajman and Umm Al-Qiwain,0,0
1989,2 star, Ajman and Umm Al-Qiwain,0,0
1989,5 star,  Ras Al Khaima and Fujeira ,0,0
1989,4 star,  Ras Al Khaima and Fujeira ,0,0
1989,3 star ,  Ras Al Khaima and Fujeira ,0,0
1989,2 star,  Ras Al Khaima and Fujeira ,0,0
1988,5 star,abu dhabi,51339,77946
1988,4 star,abu dhabi,11035,41631
1988,3 star ,abu dhabi,0,0
1988,2 star,abu dhabi,0,0
1988,5 star,dubai,109508,191854
1988,4 star,dubai,78863,183631
1988,3 star ,dubai,25950,71244
1988,2 star,dubai,6840,16323
1988,5 star,sharjah,9631,43936
1988,4 star,sharjah,10389,57852
1988,3 star ,sharjah,0,0
1988,2 star,sharjah,0,0
1988,5 star, Ajman and Umm Al-Qiwain,0,0
1988,4 star, Ajman and Umm Al-Qiwain,0,0
1988,3 star , Ajman and Umm Al-Qiwain,0,0
1988,2 star, Ajman and Umm Al-Qiwain,0,0
1988,5 star,  Ras Al Khaima and Fujeira ,0,0
1988,4 star,  Ras Al Khaima and Fujeira ,0,0
1988,3 star ,  Ras Al Khaima and Fujeira ,0,0
1988,2 star,  Ras Al Khaima and Fujeira ,0,0
1987,5 star,abu dhabi,39007,67234
1987,4 star,abu dhabi,12446,37354
1987,3 star ,abu dhabi,0,0
1987,2 star,abu dhabi,0,0
1987,5 star,dubai,111168,215207
1987,4 star,dubai,75594,176138
1987,3 star ,dubai,19553,51311
1987,2 star,dubai,4114,12307
1987,5 star,sharjah,8029,31460
1987,4 star,sharjah,8419,46780
1987,3 star ,sharjah,0,0
1987,2 star,sharjah,0,0
1987,5 star, Ajman and Umm Al-Qiwain,0,0
1987,4 star, Ajman and Umm Al-Qiwain,0,0
1987,3 star , Ajman and Umm Al-Qiwain,0,0
1987,2 star, Ajman and Umm Al-Qiwain,0,0
1987,5 star,  Ras Al Khaima and Fujeira ,0,0
1987,4 star,  Ras Al Khaima and Fujeira ,0,0
1987,3 star ,  Ras Al Khaima and Fujeira ,0,0
1987,2 star,  Ras Al Khaima and Fujeira ,0,0
1986,5 star,abu dhabi,28615,51541
1986,4 star,abu dhabi,12366,34092
1986,3 star ,abu dhabi,0,0
1986,2 star,abu dhabi,0,0
1986,5 star,dubai,86962,204035
1986,4 star,dubai,52646,141505
1986,3 star ,dubai,14858,45076
1986,2 star,dubai,5220,13322
1986,5 star,sharjah and Ajman,9072,34203
1986,4 star,sharjah and Ajman,6599,36272
1986,3 star ,sharjah and Ajman,0,0
1986,2 star,sharjah and Ajman,0,0
1986,5 star, Umm Al-Qiwain,0,0
1986,4 star, Umm Al-Qiwain,0,0
1986,3 star , Umm Al-Qiwain,0,0
1986,2 star, Umm Al-Qiwain,0,0
1986,5 star,  Ras Al Khaima and Fujeira ,0,0
1986,4 star,  Ras Al Khaima and Fujeira ,0,0
1986,3 star ,  Ras Al Khaima and Fujeira ,0,0
1986,2 star,  Ras Al Khaima and Fujeira ,0,0
1985,5 star,abu dhabi,34583,57702
1985,4 star,abu dhabi,13882,41287
1985,3 star ,abu dhabi,0,0
1985,2 star,abu dhabi,0,0
1985,5 star,dubai,85119,200492
1985,4 star,dubai,56425,143697
1985,3 star ,dubai,10889,34169
1985,2 star,dubai,2490,7597
1985,5 star,sharjah and Ajman,9879,37987
1985,4 star,sharjah and Ajman,7610,41472
1985,3 star ,sharjah and Ajman,0,0
1985,2 star,sharjah and Ajman,0,0
1985,5 star, Umm Al-Qiwain,0,0
1985,4 star, Umm Al-Qiwain,0,0
1985,3 star , Umm Al-Qiwain,0,0
1985,2 star, Umm Al-Qiwain,0,0
1985,5 star,  Ras Al Khaima and Fujeira ,0,0
1985,4 star,  Ras Al Khaima and Fujeira ,0,0
1985,3 star ,  Ras Al Khaima and Fujeira ,0,0
1985,2 star,  Ras Al Khaima and Fujeira ,0,0
2005,5 star,abu dhabi,62881,152771
2005,4 star,abu dhabi,119193,301871
2005,3 star ,abu dhabi,4950,8149
2005,2 star,abu dhabi,0,0
2005,5 star,dubai,235850,516883
2005,4 star,dubai,282081,590224
2005,3 star ,dubai,542351,1384285
2005,2 star,dubai,315121,965007
2005,5 star,sharjah,21990,56293
2005,4 star,sharjah,18807,51625
2005,3 star ,sharjah,6910,35452
2005,2 star,sharjah,3924,23660
2005,5 star, Ajman,1913,3214
2005,4 star, Ajman,3447,7702
2005,3 star , Ajman,0,0
2005,2 star, Ajman,7724,50809
2005,5 star,  Ras Al Khaima and Fujeira ,11004,30181
2005,4 star,  Ras Al Khaima and Fujeira ,11509,23327
2005,3 star ,  Ras Al Khaima and Fujeira ,5663,12085
2005,2 star,  Ras Al Khaima and Fujeira ,0,0
2004,5 star,abu dhabi,63443,133629
2004,4 star,abu dhabi,106364,305020
2004,3 star ,abu dhabi,4047,7557
2004,2 star,abu dhabi,0,0
2004,5 star,dubai,226538,511335
2004,4 star,dubai,264552,587494
2004,3 star ,dubai,553832,1432414
2004,2 star,dubai,251717,776248
2004,5 star,sharjah,16999,33693
2004,4 star,sharjah,10360,29770
2004,3 star ,sharjah,6382,23353
2004,2 star,sharjah,3692,20924
2004,5 star, Ajman and Umm Al-Qiwain,1077,3235
2004,4 star, Ajman and Umm Al-Qiwain,0,0
2004,3 star , Ajman and Umm Al-Qiwain,0,0
2004,2 star, Ajman and Umm Al-Qiwain,2143,27480
2004,5 star,  Ras Al Khaima and Fujeira ,5268,17555
2004,4 star,  Ras Al Khaima and Fujeira ,11066,22012
2004,3 star ,  Ras Al Khaima and Fujeira ,4922,13345
2004,2 star,  Ras Al Khaima and Fujeira ,0,0
2003,5 star,abu dhabi,49936,109508
2003,4 star,abu dhabi,91783,277146
2003,3 star ,abu dhabi,2492,4460
2003,2 star,abu dhabi,0,0
2003,5 star,dubai,214817,497219
2003,4 star,dubai,298891,603184
2003,3 star ,dubai,560585,1274058
2003,2 star,dubai,229056,672584
2003,5 star,sharjah,23435,58020
2003,4 star,sharjah,22684,57299
2003,3 star ,sharjah,7503,20890
2003,2 star,sharjah,2637,11357
2003,5 star, Ajman and Umm Al-Qiwain,2634,4534
2003,4 star, Ajman and Umm Al-Qiwain,6560,18334
2003,3 star , Ajman and Umm Al-Qiwain,0,0
2003,2 star, Ajman and Umm Al-Qiwain,1829,28773
2003,5 star,  Ras Al Khaima and Fujeira ,3792,9395
2003,4 star,  Ras Al Khaima and Fujeira ,10025,15049
2003,3 star ,  Ras Al Khaima and Fujeira ,7663,21422
2003,2 star,  Ras Al Khaima and Fujeira ,0,0
2002,5 star,abu dhabi,52599,118836
2002,4 star,abu dhabi,91022,262976
2002,3 star ,abu dhabi,2759,6383
2002,2 star,abu dhabi,0,0
2002,5 star,dubai,210486,417219
2002,4 star,dubai,203752,421288
2002,3 star ,dubai,531929,1107839
2002,2 star,dubai,238311,579257
2002,5 star,sharjah,23044,46232
2002,4 star,sharjah,19009,55685
2002,3 star ,sharjah,8680,20155
2002,2 star,sharjah,3281,12491
2002,5 star, Ajman and Umm Al-Qiwain,2873,4612
2002,4 star, Ajman and Umm Al-Qiwain,4996,14810
2002,3 star , Ajman and Umm Al-Qiwain,0,0
2002,2 star, Ajman and Umm Al-Qiwain,2951,14283
2002,5 star,  Ras Al Khaima and Fujeira ,2803,4925
2002,4 star,  Ras Al Khaima and Fujeira ,7842,13138
2002,3 star ,  Ras Al Khaima and Fujeira ,6895,18113
2002,2 star,  Ras Al Khaima and Fujeira ,0,0
2001,5 star,abu dhabi,40471,99065
2001,4 star,abu dhabi,71779,200690
2001,3 star ,abu dhabi,3003,6625
2001,2 star,abu dhabi,0,0
2001,5 star,dubai,135667,280186
2001,4 star,dubai,226117,439719
2001,3 star ,dubai,297170,663150
2001,2 star,dubai,187184,532338
2001,5 star,sharjah,17355,38810
2001,4 star,sharjah,27436,63057
2001,3 star ,sharjah,0,0
2001,2 star,sharjah,0,0
2001,5 star, Ajman and Umm Al-Qiwain,0,0
2001,4 star, Ajman and Umm Al-Qiwain,6176,25470
2001,3 star , Ajman and Umm Al-Qiwain,0,0
2001,2 star, Ajman and Umm Al-Qiwain,0,0
2001,5 star,  Ras Al Khaima and Fujeira ,2707,4898
2001,4 star,  Ras Al Khaima and Fujeira ,5559,11496
2001,3 star ,  Ras Al Khaima and Fujeira ,5682,12288
2001,2 star,  Ras Al Khaima and Fujeira ,0,0
2000,5 star,abu dhabi,48846,106693
2000,4 star,abu dhabi,55317,205622
2000,3 star ,abu dhabi,3879,10503
2000,2 star,abu dhabi,0,0
2000,5 star,dubai,116731,279751
2000,4 star,dubai,175597,329519
2000,3 star ,dubai,292924,706900
2000,2 star,dubai,184364,524417
2000,5 star,sharjah,19572,46998
2000,4 star,sharjah,29029,87499
2000,3 star ,sharjah,0,0
2000,2 star,sharjah,0,0
1999,5 star,abu dhabi,49167,79955
1999,4 star,abu dhabi,50745,200224
1999,3 star ,abu dhabi,3412,12666
1999,2 star,abu dhabi,0,0
1999,5 star,dubai,193694,381548
1999,4 star,dubai,270200,578718
1999,3 star ,dubai,89324,290122
1999,2 star,dubai,129893,327982
1999,5 star,sharjah,22832,41965
1999,4 star,sharjah,24147,72366
1999,3 star ,sharjah,0,0
1999,2 star,sharjah,0,0
1998,5 star,abu dhabi,33101,74988
1998,4 star,abu dhabi,41862,190732
1998,3 star ,abu dhabi,3798,15605
1998,2 star,abu dhabi,0,0
1998,5 star,dubai,189388,424459
1998,4 star,dubai,170825,353962
1998,3 star ,dubai,96840,269158
1998,2 star,dubai,172688,483801
1998,5 star,sharjah,20806,37768
1998,4 star,sharjah,20925,59002
1998,3 star ,sharjah,0,0
1998,2 star,sharjah,0,0
1997,5 star,abu dhabi,27663,72720
1997,4 star,abu dhabi,35358,157887
1997,3 star ,abu dhabi,4331,17662
1997,2 star,abu dhabi,0,0
1997,5 star,dubai,146609,279826
1997,4 star,dubai,133796,273392
1997,3 star ,dubai,82521,223430
1997,2 star,dubai,185374,554024
1997,5 star,sharjah,15667,34499
1997,4 star,sharjah,17185,56616
1997,3 star ,sharjah,0,0
1997,2 star,sharjah,0,0
1996,5 star,abu dhabi,47125,112440
1996,4 star,abu dhabi,31591,131460
1996,3 star ,abu dhabi,3380,8396
1996,2 star,abu dhabi,0,0
1996,5 star,dubai,152723,271423
1996,4 star,dubai,87512,214071
1996,3 star ,dubai,77548,211240
1996,2 star,dubai,167954,454764
1996,5 star,sharjah,20537,44540
1996,4 star,sharjah,15757,67670
1996,3 star ,sharjah,0,0
1996,2 star,sharjah,0,0
1995,5 star,abu dhabi,77333,215065
1995,4 star,abu dhabi,44250,271063
1995,3 star ,abu dhabi,715,3484
1995,2 star,abu dhabi,0,0
1995,5 star,dubai,268345,681772
1995,4 star,dubai,77237,317714
1995,3 star ,dubai,109039,403704
1995,2 star,dubai,113266,404860
1995,5 star,sharjah,38120,210057
1995,4 star,sharjah,55008,243792
1995,3 star ,sharjah,0,0
1995,2 star,sharjah,0,0
1995,5 star, Ajman and Umm Al-Qiwain,0,0
1995,4 star, Ajman and Umm Al-Qiwain,0,0
1995,3 star , Ajman and Umm Al-Qiwain,0,0
1995,2 star, Ajman and Umm Al-Qiwain,0,0
1995,5 star,  Ras Al Khaima and Fujeira ,0,0
1995,4 star,  Ras Al Khaima and Fujeira ,0,0
1995,3 star ,  Ras Al Khaima and Fujeira ,0,0
1995,2 star,  Ras Al Khaima and Fujeira ,0,0
1994,5 star,abu dhabi,60781,185602
1994,4 star,abu dhabi,34785,209458
1994,3 star ,abu dhabi,655,2896
1994,2 star,abu dhabi,0,0
1994,5 star,dubai,185241,619220
1994,4 star,dubai,77165,271122
1994,3 star ,dubai,57298,259932
1994,2 star,dubai,79077,321249
1994,5 star,sharjah,54648,244277
1994,4 star,sharjah,47480,181900
1994,3 star ,sharjah,0,0
1994,2 star,sharjah,0,0
1994,5 star, Ajman and Umm Al-Qiwain,0,0
1994,4 star, Ajman and Umm Al-Qiwain,0,0
1994,3 star , Ajman and Umm Al-Qiwain,0,0
1994,2 star, Ajman and Umm Al-Qiwain,0,0
1994,5 star,  Ras Al Khaima and Fujeira ,0,0
1994,4 star,  Ras Al Khaima and Fujeira ,0,0
1994,3 star ,  Ras Al Khaima and Fujeira ,0,0
1994,2 star,  Ras Al Khaima and Fujeira ,0,0
1993,5 star,abu dhabi,44487,149947
1993,4 star,abu dhabi,32430,177708
1993,3 star ,abu dhabi,1088,5528
1993,2 star,abu dhabi,0,0
1993,5 star,dubai,164134,546604
1993,4 star,dubai,64484,165337
1993,3 star ,dubai,49530,197763
1993,2 star,dubai,17598,78362
1993,5 star,sharjah,46129,182860
1993,4 star,sharjah,32116,124913
1993,3 star ,sharjah,0,0
1993,2 star,sharjah,0,0
1993,5 star, Ajman and Umm Al-Qiwain,0,0
1993,4 star, Ajman and Umm Al-Qiwain,0,0
1993,3 star , Ajman and Umm Al-Qiwain,0,0
1993,2 star, Ajman and Umm Al-Qiwain,0,0
1993,5 star,  Ras Al Khaima and Fujeira ,0,0
1993,4 star,  Ras Al Khaima and Fujeira ,0,0
1993,3 star ,  Ras Al Khaima and Fujeira ,0,0
1993,2 star,  Ras Al Khaima and Fujeira ,0,0
1992,5 star,abu dhabi,44227,136474
1992,4 star,abu dhabi,29259,182482
1992,3 star ,abu dhabi,1083,3464
1992,2 star,abu dhabi,0,0
1992,5 star,dubai,141766,470400
1992,4 star,dubai,42694,98370
1992,3 star ,dubai,6089,23638
1992,2 star,dubai,1877,5216
1992,5 star,sharjah,34268,130911
1992,4 star,sharjah,15031,70520
1992,3 star ,sharjah,0,0
1992,2 star,sharjah,0,0
1992,5 star, Ajman and Umm Al-Qiwain,0,0
1992,4 star, Ajman and Umm Al-Qiwain,0,0
1992,3 star , Ajman and Umm Al-Qiwain,0,0
1992,2 star, Ajman and Umm Al-Qiwain,0,0
1992,5 star,  Ras Al Khaima and Fujeira ,0,0
1992,4 star,  Ras Al Khaima and Fujeira ,0,0
1992,3 star ,  Ras Al Khaima and Fujeira ,0,0
1992,2 star,  Ras Al Khaima and Fujeira ,0,0
1991,5 star,abu dhabi,34176,108300
1991,4 star,abu dhabi,22903,154549
1991,3 star ,abu dhabi,582,2233
1991,2 star,abu dhabi,0,0
1991,5 star,dubai,118858,369699
1991,4 star,dubai,25270,63807
1991,3 star ,dubai,1503,3332
1991,2 star,dubai,1619,3556
1991,5 star,sharjah,20489,67493
1991,4 star,sharjah,3797,22016
1991,3 star ,sharjah,0,0
1991,2 star,sharjah,0,0
1991,5 star, Ajman and Umm Al-Qiwain,0,0
1991,4 star, Ajman and Umm Al-Qiwain,0,0
1991,3 star , Ajman and Umm Al-Qiwain,0,0
1991,2 star, Ajman and Umm Al-Qiwain,0,0
1991,5 star,  Ras Al Khaima and Fujeira ,0,0
1991,4 star,  Ras Al Khaima and Fujeira ,0,0
1991,3 star ,  Ras Al Khaima and Fujeira ,0,0
1991,2 star,  Ras Al Khaima and Fujeira ,0,0
1990,5 star,abu dhabi,47558,147616
1990,4 star,abu dhabi,25786,149844
1990,3 star ,abu dhabi,627,1417
1990,2 star,abu dhabi,0,0
1990,5 star,dubai,124013,410584
1990,4 star,dubai,25432,57043
1990,3 star ,dubai,1573,3141
1990,2 star,dubai,262,1094
1990,5 star,sharjah,23285,87788
1990,4 star,sharjah,4232,31565
1990,3 star ,sharjah,0,0
1990,2 star,sharjah,0,0
1990,5 star, Ajman and Umm Al-Qiwain,0,0
1990,4 star, Ajman and Umm Al-Qiwain,0,0
1990,3 star , Ajman and Umm Al-Qiwain,0,0
1990,2 star, Ajman and Umm Al-Qiwain,0,0
1990,5 star,  Ras Al Khaima and Fujeira ,0,0
1990,4 star,  Ras Al Khaima and Fujeira ,0,0
1990,3 star ,  Ras Al Khaima and Fujeira ,0,0
1990,2 star,  Ras Al Khaima and Fujeira ,0,0
1989,5 star,abu dhabi,58912,154453
1989,4 star,abu dhabi,19813,99143
1989,3 star ,abu dhabi,0,0
1989,2 star,abu dhabi,0,0
1989,5 star,dubai,118919,445194
1989,4 star,dubai,25367,60315
1989,3 star ,dubai,1629,3630
1989,2 star,dubai,217,887
1989,5 star,sharjah,30822,124194
1989,4 star,sharjah,4433,37828
1989,3 star ,sharjah,0,0
1989,2 star,sharjah,0,0
1989,5 star, Ajman and Umm Al-Qiwain,0,0
1989,4 star, Ajman and Umm Al-Qiwain,0,0
1989,3 star , Ajman and Umm Al-Qiwain,0,0
1989,2 star, Ajman and Umm Al-Qiwain,0,0
1989,5 star,  Ras Al Khaima and Fujeira ,0,0
1989,4 star,  Ras Al Khaima and Fujeira ,0,0
1989,3 star ,  Ras Al Khaima and Fujeira ,0,0
1989,2 star,  Ras Al Khaima and Fujeira ,0,0
1988,5 star,abu dhabi,63840,148968
1988,4 star,abu dhabi,24881,83648
1988,3 star ,abu dhabi,0,0
1988,2 star,abu dhabi,0,0
1988,5 star,dubai,148369,447960
1988,4 star,dubai,21258,52302
1988,3 star ,dubai,214,745
1988,2 star,dubai,17,42
1988,5 star,sharjah,22869,84471
1988,4 star,sharjah,4756,33536
1988,3 star ,sharjah,0,0
1988,2 star,sharjah,0,0
1988,5 star, Ajman and Umm Al-Qiwain,0,0
1988,4 star, Ajman and Umm Al-Qiwain,0,0
1988,3 star , Ajman and Umm Al-Qiwain,0,0
1988,2 star, Ajman and Umm Al-Qiwain,0,0
1988,5 star,  Ras Al Khaima and Fujeira ,0,0
1988,4 star,  Ras Al Khaima and Fujeira ,0,0
1988,3 star ,  Ras Al Khaima and Fujeira ,0,0
1988,2 star,  Ras Al Khaima and Fujeira ,0,0
1987,5 star,abu dhabi,47703,123703
1987,4 star,abu dhabi,30143,84567
1987,3 star ,abu dhabi,0,0
1987,2 star,abu dhabi,0,0
1987,5 star,dubai,117200,370147
1987,4 star,dubai,19632,51920
1987,3 star ,dubai,176,678
1987,2 star,dubai,21,52
1987,5 star,sharjah,16100,50296
1987,4 star,sharjah,3245,30097
1987,3 star ,sharjah,0,0
1987,2 star,sharjah,0,0
1987,5 star, Ajman and Umm Al-Qiwain,0,0
1987,4 star, Ajman and Umm Al-Qiwain,0,0
1987,3 star , Ajman and Umm Al-Qiwain,0,0
1987,2 star, Ajman and Umm Al-Qiwain,0,0
1987,5 star,  Ras Al Khaima and Fujeira ,0,0
1987,4 star,  Ras Al Khaima and Fujeira ,0,0
1987,3 star ,  Ras Al Khaima and Fujeira ,0,0
1987,2 star,  Ras Al Khaima and Fujeira ,0,0
1986,5 star,abu dhabi,51346,129670
1986,4 star,abu dhabi,32590,93823
1986,3 star ,abu dhabi,0,0
1986,2 star,abu dhabi,0,0
1986,5 star,dubai,107359,327149
1986,4 star,dubai,18872,49973
1986,3 star ,dubai,154,518
1986,2 star,dubai,2,18
1986,5 star,sharjah and Ajman,17036,52399
1986,4 star,sharjah and Ajman,3646,36436
1986,3 star ,sharjah and Ajman,0,0
1986,2 star,sharjah and Ajman,0,0
1986,5 star, Umm Al-Qiwain,0,0
1986,4 star, Umm Al-Qiwain,0,0
1986,3 star , Umm Al-Qiwain,0,0
1986,2 star, Umm Al-Qiwain,0,0
1986,5 star,  Ras Al Khaima and Fujeira ,0,0
1986,4 star,  Ras Al Khaima and Fujeira ,0,0
1986,3 star ,  Ras Al Khaima and Fujeira ,0,0
1986,2 star,  Ras Al Khaima and Fujeira ,0,0
1985,5 star,abu dhabi,49676,139011
1985,4 star,abu dhabi,39548,126755
1985,3 star ,abu dhabi,0,0
1985,2 star,abu dhabi,0,0
1985,5 star,dubai,101629,301089
1985,4 star,dubai,19574,49335
1985,3 star ,dubai,227,1251
1985,2 star,dubai,25,317
1985,5 star,sharjah and Ajman,31496,92040
1985,4 star,sharjah and Ajman,6562,46598
1985,3 star ,sharjah and Ajman,0,0
1985,2 star,sharjah and Ajman,0,0
1985,5 star, Umm Al-Qiwain,0,0
1985,4 star, Umm Al-Qiwain,0,0
1985,3 star , Umm Al-Qiwain,0,0
1985,2 star, Umm Al-Qiwain,0,0
1985,5 star,  Ras Al Khaima and Fujeira ,0,0
1985,4 star,  Ras Al Khaima and Fujeira ,0,0
1985,3 star ,  Ras Al Khaima and Fujeira ,0,0
1985,2 star,  Ras Al Khaima and Fujeira ,0,0
2005,5 star,abu dhabi,146914,571400
2005,4 star,abu dhabi,93089,322214
2005,3 star ,abu dhabi,775,2133
2005,2 star,abu dhabi,0,0
2005,5 star,dubai,943850,2930187
2005,4 star,dubai,352305,939377
2005,3 star ,dubai,391731,1291253
2005,2 star,dubai,80015,279060
2005,5 star,sharjah,71804,335360
2005,4 star,sharjah,88154,153822
2005,3 star ,sharjah,13872,115685
2005,2 star,sharjah,1714,7969
2005,5 star, Ajman,37430,47178
2005,4 star, Ajman,16427,46531
2005,3 star , Ajman,0,0
2005,2 star, Ajman,4919,11483
2005,5 star,  Ras Al Khaima and Fujeira ,132758,383822
2005,4 star,  Ras Al Khaima and Fujeira ,14889,115540
2005,3 star ,  Ras Al Khaima and Fujeira ,5218,12264
2005,2 star,  Ras Al Khaima and Fujeira ,0,0
2004,5 star,abu dhabi,116204,415648
2004,4 star,abu dhabi,76359,310329
2004,3 star ,abu dhabi,779,3992
2004,2 star,abu dhabi,0,0
2004,5 star,dubai,880881,2748351
2004,4 star,dubai,279749,868013
2004,3 star ,dubai,358941,1195678
2004,2 star,dubai,60942,182826
2004,5 star,sharjah,68000,235669
2004,4 star,sharjah,39176,98056
2004,3 star ,sharjah,15001,108274
2004,2 star,sharjah,2538,15779
2004,5 star, Ajman and Umm Al-Qiwain,10320,81559
2004,4 star, Ajman and Umm Al-Qiwain,0,0
2004,3 star , Ajman and Umm Al-Qiwain,0,0
2004,2 star, Ajman and Umm Al-Qiwain,1036,5676
2004,5 star,  Ras Al Khaima and Fujeira ,89069,289872
2004,4 star,  Ras Al Khaima and Fujeira ,11991,84170
2004,3 star ,  Ras Al Khaima and Fujeira ,4826,15290
2004,2 star,  Ras Al Khaima and Fujeira ,0,0
2003,5 star,abu dhabi,87313,244189
2003,4 star,abu dhabi,65284,280786
2003,3 star ,abu dhabi,579,1538
2003,2 star,abu dhabi,0,0
2003,5 star,dubai,572835,1914847
2003,4 star,dubai,233331,654566
2003,3 star ,dubai,322618,794404
2003,2 star,dubai,54132,169329
2003,5 star,sharjah,76549,259733
2003,4 star,sharjah,30639,85946
2003,3 star ,sharjah,11642,72879
2003,2 star,sharjah,2220,9717
2003,5 star, Ajman and Umm Al-Qiwain,42298,75534
2003,4 star, Ajman and Umm Al-Qiwain,6699,12006
2003,3 star , Ajman and Umm Al-Qiwain,0,0
2003,2 star, Ajman and Umm Al-Qiwain,303,3589
2003,5 star,  Ras Al Khaima and Fujeira ,64764,192800
2003,4 star,  Ras Al Khaima and Fujeira ,7914,37716
2003,3 star ,  Ras Al Khaima and Fujeira ,5672,17375
2003,2 star,  Ras Al Khaima and Fujeira ,0,0
2002,5 star,abu dhabi,78119,223539
2002,4 star,abu dhabi,58847,291964
2002,3 star ,abu dhabi,742,1823
2002,2 star,abu dhabi,0,0
2002,5 star,dubai,575279,1817959
2002,4 star,dubai,203846,544589
2002,3 star ,dubai,304931,720654
2002,2 star,dubai,39170,130706
2002,5 star,sharjah,56031,222991
2002,4 star,sharjah,28764,96570
2002,3 star ,sharjah,10246,63457
2002,2 star,sharjah,1615,8735
2002,5 star, Ajman and Umm Al-Qiwain,38752,74094
2002,4 star, Ajman and Umm Al-Qiwain,8595,13358
2002,3 star , Ajman and Umm Al-Qiwain,0,0
2002,2 star, Ajman and Umm Al-Qiwain,138,2029
2002,5 star,  Ras Al Khaima and Fujeira ,50884,137012
2002,4 star,  Ras Al Khaima and Fujeira ,6380,33806
2002,3 star ,  Ras Al Khaima and Fujeira ,5676,16385
2002,2 star,  Ras Al Khaima and Fujeira ,0,0
2001,5 star,abu dhabi,79513,244745
2001,4 star,abu dhabi,61148,284632
2001,3 star ,abu dhabi,894,2561
2001,2 star,abu dhabi,0,0
2001,5 star,dubai,439481,1498310
2001,4 star,dubai,203550,570689
2001,3 star ,dubai,204332,546980
2001,2 star,dubai,33731,109971
2001,5 star,sharjah,37556,248935
2001,4 star,sharjah,24288,140395
2001,3 star ,sharjah,0,0
2001,2 star,sharjah,0,0
2001,5 star, Ajman and Umm Al-Qiwain,0,0
2001,4 star, Ajman and Umm Al-Qiwain,3924,11425
2001,3 star , Ajman and Umm Al-Qiwain,0,0
2001,2 star, Ajman and Umm Al-Qiwain,0,0
2001,5 star,  Ras Al Khaima and Fujeira ,14339,43175
2001,4 star,  Ras Al Khaima and Fujeira ,6886,33813
2001,3 star ,  Ras Al Khaima and Fujeira ,5731,11311
2001,2 star,  Ras Al Khaima and Fujeira ,0,0
2000,5 star,abu dhabi,84219,271172
2000,4 star,abu dhabi,48639,284529
2000,3 star ,abu dhabi,913,2458
2000,2 star,abu dhabi,0,0
2000,5 star,dubai,394535,1440012
2000,4 star,dubai,146804,448309
2000,3 star ,dubai,233467,711394
2000,2 star,dubai,64827,228336
2000,5 star,sharjah,45405,277443
2000,4 star,sharjah,25906,165008
2000,3 star ,sharjah,0,0
2000,2 star,sharjah,0,0
1999,5 star,abu dhabi,103464,214509
1999,4 star,abu dhabi,45658,311304
1999,3 star ,abu dhabi,890,3710
1999,2 star,abu dhabi,0,0
1999,5 star,dubai,484348,1338640
1999,4 star,dubai,163341,443282
1999,3 star ,dubai,68209,286083
1999,2 star,dubai,63138,209192
1999,5 star,sharjah,38832,192232
1999,4 star,sharjah,27789,168510
1999,3 star ,sharjah,0,0
1999,2 star,sharjah,0,0
1998,5 star,abu dhabi,74358,225178
1998,4 star,abu dhabi,43066,310485
1998,3 star ,abu dhabi,686,2224
1998,2 star,abu dhabi,0,0
1998,5 star,dubai,377616,1087839
1998,4 star,dubai,114357,391334
1998,3 star ,dubai,80538,298907
1998,2 star,dubai,86444,298907
1998,5 star,sharjah,68529,210979
1998,4 star,sharjah,72861,214276
1998,3 star ,sharjah,0,0
1998,2 star,sharjah,0,0
1997,5 star,abu dhabi,67987,233890
1997,4 star,abu dhabi,42213,277240
1997,3 star ,abu dhabi,1096,4570
1997,2 star,abu dhabi,0,0
1997,5 star,dubai,217154,66317
1997,4 star,dubai,108103,400871
1997,3 star ,dubai,75259,320561
1997,2 star,dubai,133790,415250
1997,5 star,sharjah,60612,309531
1997,4 star,sharjah,47215,266548
1997,3 star ,sharjah,0,0
1997,2 star,sharjah,0,0
1996,5 star,abu dhabi,73469,235377
1996,4 star,abu dhabi,47429,282439
1996,3 star ,abu dhabi,522,1398
1996,2 star,abu dhabi,0,0
1996,5 star,dubai,263639,753319
1996,4 star,dubai,118894,460009
1996,3 star ,dubai,90506,396279
1996,2 star,dubai,155647,509032
1996,5 star,sharjah,120565,317363
1996,4 star,sharjah,56657,220841
1996,3 star ,sharjah,0,0
1996,2 star,sharjah,0,0
1995,5 star,abu dhabi,12671,40155
1995,4 star,abu dhabi,7164,37214
1995,3 star ,abu dhabi,82,302
1995,2 star,abu dhabi,0,0
1995,5 star,dubai,51449,104265
1995,4 star,dubai,8595,17543
1995,3 star ,dubai,3518,6861
1995,2 star,dubai,3055,8223
1995,5 star,sharjah,1285,6497
1995,4 star,sharjah,1603,4826
1995,3 star ,sharjah,0,0
1995,2 star,sharjah,0,0
1995,5 star, Ajman and Umm Al-Qiwain,0,0
1995,4 star, Ajman and Umm Al-Qiwain,0,0
1995,3 star , Ajman and Umm Al-Qiwain,0,0
1995,2 star, Ajman and Umm Al-Qiwain,0,0
1995,5 star,  Ras Al Khaima and Fujeira ,0,0
1995,4 star,  Ras Al Khaima and Fujeira ,0,0
1995,3 star ,  Ras Al Khaima and Fujeira ,0,0
1995,2 star,  Ras Al Khaima and Fujeira ,0,0
1994,5 star,abu dhabi,11265,32950
1994,4 star,abu dhabi,5246,36625
1994,3 star ,abu dhabi,79,116
1994,2 star,abu dhabi,0,0
1994,5 star,dubai,30058,76175
1994,4 star,dubai,8518,20536
1994,3 star ,dubai,3999,11810
1994,2 star,dubai,1145,2857
1994,5 star,sharjah,3531,8927
1994,4 star,sharjah,956,6191
1994,3 star ,sharjah,0,0
1994,2 star,sharjah,0,0
1994,5 star, Ajman and Umm Al-Qiwain,0,0
1994,4 star, Ajman and Umm Al-Qiwain,0,0
1994,3 star , Ajman and Umm Al-Qiwain,0,0
1994,2 star, Ajman and Umm Al-Qiwain,0,0
1994,5 star,  Ras Al Khaima and Fujeira ,0,0
1994,4 star,  Ras Al Khaima and Fujeira ,0,0
1994,3 star ,  Ras Al Khaima and Fujeira ,0,0
1994,2 star,  Ras Al Khaima and Fujeira ,0,0
1993,5 star,abu dhabi,8449,28080
1993,4 star,abu dhabi,6779,77191
1993,3 star ,abu dhabi,159,415
1993,2 star,abu dhabi,0,0
1993,5 star,dubai,30226,78718
1993,4 star,dubai,8587,19909
1993,3 star ,dubai,1708,3955
1993,2 star,dubai,989,2031
1993,5 star,sharjah,3020,7963
1993,4 star,sharjah,763,9906
1993,3 star ,sharjah,0,0
1993,2 star,sharjah,0,0
1993,5 star, Ajman and Umm Al-Qiwain,0,0
1993,4 star, Ajman and Umm Al-Qiwain,0,0
1993,3 star , Ajman and Umm Al-Qiwain,0,0
1993,2 star, Ajman and Umm Al-Qiwain,0,0
1993,5 star,  Ras Al Khaima and Fujeira ,0,0
1993,4 star,  Ras Al Khaima and Fujeira ,0,0
1993,3 star ,  Ras Al Khaima and Fujeira ,0,0
1993,2 star,  Ras Al Khaima and Fujeira ,0,0
1992,5 star,abu dhabi,12118,40978
1992,4 star,abu dhabi,9437,57991
1992,3 star ,abu dhabi,140,342
1992,2 star,abu dhabi,0,0
1992,5 star,dubai,26104,68425
1992,4 star,dubai,5650,9887
1992,3 star ,dubai,2064,4154
1992,2 star,dubai,1453,2597
1992,5 star,sharjah,2014,5290
1992,4 star,sharjah,429,5934
1992,3 star ,sharjah,0,0
1992,2 star,sharjah,0,0
1992,5 star, Ajman and Umm Al-Qiwain,0,0
1992,4 star, Ajman and Umm Al-Qiwain,0,0
1992,3 star , Ajman and Umm Al-Qiwain,0,0
1992,2 star, Ajman and Umm Al-Qiwain,0,0
1992,5 star,  Ras Al Khaima and Fujeira ,0,0
1992,4 star,  Ras Al Khaima and Fujeira ,0,0
1992,3 star ,  Ras Al Khaima and Fujeira ,0,0
1992,2 star,  Ras Al Khaima and Fujeira ,0,0
1991,5 star,abu dhabi,11792,44196
1991,4 star,abu dhabi,5648,44040
1991,3 star ,abu dhabi,161,521
1991,2 star,abu dhabi,0,0
1991,5 star,dubai,36813,106735
1991,4 star,dubai,6724,10642
1991,3 star ,dubai,1589,2022
1991,2 star,dubai,1019,1545
1991,5 star,sharjah,2004,6650
1991,4 star,sharjah,606,3693
1991,3 star ,sharjah,0,0
1991,2 star,sharjah,0,0
1991,5 star, Ajman and Umm Al-Qiwain,0,0
1991,4 star, Ajman and Umm Al-Qiwain,0,0
1991,3 star , Ajman and Umm Al-Qiwain,0,0
1991,2 star, Ajman and Umm Al-Qiwain,0,0
1991,5 star,  Ras Al Khaima and Fujeira ,0,0
1991,4 star,  Ras Al Khaima and Fujeira ,0,0
1991,3 star ,  Ras Al Khaima and Fujeira ,0,0
1991,2 star,  Ras Al Khaima and Fujeira ,0,0
1990,5 star,abu dhabi,10423,46472
1990,4 star,abu dhabi,4057,26231
1990,3 star ,abu dhabi,45,115
1990,2 star,abu dhabi,0,0
1990,5 star,dubai,15895,45067
1990,4 star,dubai,2771,5950
1990,3 star ,dubai,930,1204
1990,2 star,dubai,20,52
1990,5 star,sharjah,1659,3570
1990,4 star,sharjah,689,8293
1990,3 star ,sharjah,0,0
1990,2 star,sharjah,0,0
1990,5 star, Ajman and Umm Al-Qiwain,0,0
1990,4 star, Ajman and Umm Al-Qiwain,0,0
1990,3 star , Ajman and Umm Al-Qiwain,0,0
1990,2 star, Ajman and Umm Al-Qiwain,0,0
1990,5 star,  Ras Al Khaima and Fujeira ,0,0
1990,4 star,  Ras Al Khaima and Fujeira ,0,0
1990,3 star ,  Ras Al Khaima and Fujeira ,0,0
1990,2 star,  Ras Al Khaima and Fujeira ,0,0
1989,5 star,abu dhabi,6227,33377
1989,4 star,abu dhabi,2083,7500
1989,3 star ,abu dhabi,0,0
1989,2 star,abu dhabi,0,0
1989,5 star,dubai,12178,36549
1989,4 star,dubai,1788,4192
1989,3 star ,dubai,225,503
1989,2 star,dubai,21,67
1989,5 star,sharjah,1268,3726
1989,4 star,sharjah,548,16975
1989,3 star ,sharjah,0,0
1989,2 star,sharjah,0,0
1989,5 star, Ajman and Umm Al-Qiwain,0,0
1989,4 star, Ajman and Umm Al-Qiwain,0,0
1989,3 star , Ajman and Umm Al-Qiwain,0,0
1989,2 star, Ajman and Umm Al-Qiwain,0,0
1989,5 star,  Ras Al Khaima and Fujeira ,0,0
1989,4 star,  Ras Al Khaima and Fujeira ,0,0
1989,3 star ,  Ras Al Khaima and Fujeira ,0,0
1989,2 star,  Ras Al Khaima and Fujeira ,0,0
1988,5 star,abu dhabi,11701,31388
1988,4 star,abu dhabi,5482,23070
1988,3 star ,abu dhabi,0,0
1988,2 star,abu dhabi,0,0
1988,5 star,dubai,11557,33152
1988,4 star,dubai,1440,3649
1988,3 star ,dubai,21,104
1988,2 star,dubai,0,0
1988,5 star,sharjah,1212,4278
1988,4 star,sharjah,277,5287
1988,3 star ,sharjah,0,0
1988,2 star,sharjah,0,0
1988,5 star, Ajman and Umm Al-Qiwain,0,0
1988,4 star, Ajman and Umm Al-Qiwain,0,0
1988,3 star , Ajman and Umm Al-Qiwain,0,0
1988,2 star, Ajman and Umm Al-Qiwain,0,0
1988,5 star,  Ras Al Khaima and Fujeira ,0,0
1988,4 star,  Ras Al Khaima and Fujeira ,0,0
1988,3 star ,  Ras Al Khaima and Fujeira ,0,0
1988,2 star,  Ras Al Khaima and Fujeira ,0,0
1987,5 star,abu dhabi,5828,27031
1987,4 star,abu dhabi,1393,7441
1987,3 star ,abu dhabi,0,0
1987,2 star,abu dhabi,0,0
1987,5 star,dubai,10457,34875
1987,4 star,dubai,966,2558
1987,3 star ,dubai,7,38
1987,2 star,dubai,5,7
1987,5 star,sharjah,1259,3872
1987,4 star,sharjah,217,3270
1987,3 star ,sharjah,0,0
1987,2 star,sharjah,0,0
1987,5 star, Ajman and Umm Al-Qiwain,0,0
1987,4 star, Ajman and Umm Al-Qiwain,0,0
1987,3 star , Ajman and Umm Al-Qiwain,0,0
1987,2 star, Ajman and Umm Al-Qiwain,0,0
1987,5 star,  Ras Al Khaima and Fujeira ,0,0
1987,4 star,  Ras Al Khaima and Fujeira ,0,0
1987,3 star ,  Ras Al Khaima and Fujeira ,0,0
1987,2 star,  Ras Al Khaima and Fujeira ,0,0
1986,5 star,abu dhabi,4224,19851
1986,4 star,abu dhabi,2145,7267
1986,3 star ,abu dhabi,0,0
1986,2 star,abu dhabi,0,0
1986,5 star,dubai,9691,34088
1986,4 star,dubai,1014,3484
1986,3 star ,dubai,11,47
1986,2 star,dubai,0,0
1986,5 star,sharjah and Ajman,1244,4415
1986,4 star,sharjah and Ajman,353,4732
1986,3 star ,sharjah and Ajman,0,0
1986,2 star,sharjah and Ajman,0,0
1986,5 star, Umm Al-Qiwain,0,0
1986,4 star, Umm Al-Qiwain,0,0
1986,3 star , Umm Al-Qiwain,0,0
1986,2 star, Umm Al-Qiwain,0,0
1986,5 star,  Ras Al Khaima and Fujeira ,0,0
1986,4 star,  Ras Al Khaima and Fujeira ,0,0
1986,3 star ,  Ras Al Khaima and Fujeira ,0,0
1986,2 star,  Ras Al Khaima and Fujeira ,0,0
1985,5 star,abu dhabi,5250,23326
1985,4 star,abu dhabi,2222,12767
1985,3 star ,abu dhabi,0,0
1985,2 star,abu dhabi,0,0
1985,5 star,dubai,11235,42080
1985,4 star,dubai,1303,4150
1985,3 star ,dubai,21,56
1985,2 star,dubai,0,0
1985,5 star,sharjah and Ajman,3292,8657
1985,4 star,sharjah and Ajman,794,9175
1985,3 star ,sharjah and Ajman,0,0
1985,2 star,sharjah and Ajman,0,0
1985,5 star, Umm Al-Qiwain,0,0
1985,4 star, Umm Al-Qiwain,0,0
1985,3 star , Umm Al-Qiwain,0,0
1985,2 star, Umm Al-Qiwain,0,0
1985,5 star,  Ras Al Khaima and Fujeira ,0,0
1985,4 star,  Ras Al Khaima and Fujeira ,0,0
1985,3 star ,  Ras Al Khaima and Fujeira ,0,0
1985,2 star,  Ras Al Khaima and Fujeira ,0,0
2005,5 star,abu dhabi,30888,116959
2005,4 star,abu dhabi,30119,77440
2005,3 star ,abu dhabi,211,426
2005,2 star,abu dhabi,0,0
2005,5 star,dubai,146547,307233
2005,4 star,dubai,79576,167213
2005,3 star ,dubai,85067,153725
2005,2 star,dubai,9797,25182
2005,5 star,sharjah,2959,10931
2005,4 star,sharjah,34617,72325
2005,3 star ,sharjah,723,4312
2005,2 star,sharjah,354,3362
2005,5 star, Ajman,1399,1539
2005,4 star, Ajman,207,1585
2005,3 star , Ajman,0,0
2005,2 star, Ajman,794,2201
2005,5 star,  Ras Al Khaima and Fujeira ,7436,27609
2005,4 star,  Ras Al Khaima and Fujeira ,341,1386
2005,3 star ,  Ras Al Khaima and Fujeira ,1009,1644
2005,2 star,  Ras Al Khaima and Fujeira ,0,0
2004,5 star,abu dhabi,26985,95591
2004,4 star,abu dhabi,31041,77725
2004,3 star ,abu dhabi,130,309
2004,2 star,abu dhabi,0,0
2004,5 star,dubai,111923,250588
2004,4 star,dubai,47296,109196
2004,3 star ,dubai,47671,105485
2004,2 star,dubai,6793,17534
2004,5 star,sharjah,1983,5020
2004,4 star,sharjah,5699,14476
2004,3 star ,sharjah,503,2130
2004,2 star,sharjah,247,3969
2004,5 star, Ajman and Umm Al-Qiwain,322,1039
2004,4 star, Ajman and Umm Al-Qiwain,0,0
2004,3 star , Ajman and Umm Al-Qiwain,0,0
2004,2 star, Ajman and Umm Al-Qiwain,85,626
2004,5 star,  Ras Al Khaima and Fujeira ,8474,26321
2004,4 star,  Ras Al Khaima and Fujeira ,219,815
2004,3 star ,  Ras Al Khaima and Fujeira ,1373,2446
2004,2 star,  Ras Al Khaima and Fujeira ,0,0
2003,5 star,abu dhabi,23139,62619
2003,4 star,abu dhabi,17570,66540
2003,3 star ,abu dhabi,72,382
2003,2 star,abu dhabi,0,0
2003,5 star,dubai,103842,237717
2003,4 star,dubai,42987,88442
2003,3 star ,dubai,35568,69246
2003,2 star,dubai,4564,12662
2003,5 star,sharjah,3736,10473
2003,4 star,sharjah,4365,12567
2003,3 star ,sharjah,595,2706
2003,2 star,sharjah,103,938
2003,5 star, Ajman and Umm Al-Qiwain,1405,1734
2003,4 star, Ajman and Umm Al-Qiwain,39,64
2003,3 star , Ajman and Umm Al-Qiwain,0,0
2003,2 star, Ajman and Umm Al-Qiwain,52,312
2003,5 star,  Ras Al Khaima and Fujeira ,14685,31999
2003,4 star,  Ras Al Khaima and Fujeira ,428,1599
2003,3 star ,  Ras Al Khaima and Fujeira ,1212,2103
2003,2 star,  Ras Al Khaima and Fujeira ,0,0
2002,5 star,abu dhabi,16373,50327
2002,4 star,abu dhabi,10342,48071
2002,3 star ,abu dhabi,69,99
2002,2 star,abu dhabi,0,0
2002,5 star,dubai,126963,227929
2002,4 star,dubai,31794,67159
2002,3 star ,dubai,30928,59044
2002,2 star,dubai,3144,9508
2002,5 star,sharjah,1961,7395
2002,4 star,sharjah,4014,11033
2002,3 star ,sharjah,451,2623
2002,2 star,sharjah,127,1188
2002,5 star, Ajman and Umm Al-Qiwain,1167,1438
2002,4 star, Ajman and Umm Al-Qiwain,119,142
2002,3 star , Ajman and Umm Al-Qiwain,0,0
2002,2 star, Ajman and Umm Al-Qiwain,26,304
2002,5 star,  Ras Al Khaima and Fujeira ,9646,33066
2002,4 star,  Ras Al Khaima and Fujeira ,432,1253
2002,3 star ,  Ras Al Khaima and Fujeira ,1193,3441
2002,2 star,  Ras Al Khaima and Fujeira ,0,0
2001,5 star,abu dhabi,14002,51607
2001,4 star,abu dhabi,8836,50441
2001,3 star ,abu dhabi,239,313
2001,2 star,abu dhabi,0,0
2001,5 star,dubai,68696,148838
2001,4 star,dubai,30190,65753
2001,3 star ,dubai,15147,29255
2001,2 star,dubai,3605,9528
2001,5 star,sharjah,1647,7428
2001,4 star,sharjah,2840,12462
2001,3 star ,sharjah,0,0
2001,2 star,sharjah,0,0
2001,5 star, Ajman and Umm Al-Qiwain,0,0
2001,4 star, Ajman and Umm Al-Qiwain,222,363
2001,3 star , Ajman and Umm Al-Qiwain,0,0
2001,2 star, Ajman and Umm Al-Qiwain,0,0
2001,5 star,  Ras Al Khaima and Fujeira ,3179,7599
2001,4 star,  Ras Al Khaima and Fujeira ,437,1446
2001,3 star ,  Ras Al Khaima and Fujeira ,762,1413
2001,2 star,  Ras Al Khaima and Fujeira ,0,0
2000,5 star,abu dhabi,14675,53163
2000,4 star,abu dhabi,9310,53069
2000,3 star ,abu dhabi,198,266
2000,2 star,abu dhabi,0,0
2000,5 star,dubai,51724,130278
2000,4 star,dubai,25546,49961
2000,3 star ,dubai,25742,49845
2000,2 star,dubai,3613,9415
2000,5 star,sharjah,2010,7243
2000,4 star,sharjah,3270,12524
2000,3 star ,sharjah,0,0
2000,2 star,sharjah,0,0
1999,5 star,abu dhabi,21092,41253
1999,4 star,abu dhabi,6567,43690
1999,3 star ,abu dhabi,313,363
1999,2 star,abu dhabi,0,0
1999,5 star,dubai,62140,139724
1999,4 star,dubai,27782,48773
1999,3 star ,dubai,1742,3981
1999,2 star,dubai,2006,6500
1999,5 star,sharjah,2377,6203
1999,4 star,sharjah,3746,8352
1999,3 star ,sharjah,0,0
1999,2 star,sharjah,0,0
1998,5 star,abu dhabi,12625,44537
1998,4 star,abu dhabi,6204,47807
1998,3 star ,abu dhabi,232,350
1998,2 star,abu dhabi,0,0
1998,5 star,dubai,59737,133311
1998,4 star,dubai,16227,34287
1998,3 star ,dubai,4086,7421
1998,2 star,dubai,2728,7139
1998,5 star,sharjah,3244,9285
1998,4 star,sharjah,1769,6645
1998,3 star ,sharjah,0,0
1998,2 star,sharjah,0,0
1997,5 star,abu dhabi,10702,41882
1997,4 star,abu dhabi,5210,33103
1997,3 star ,abu dhabi,229,668
1997,2 star,abu dhabi,0,0
1997,5 star,dubai,31683,76368
1997,4 star,dubai,13226,27677
1997,3 star ,dubai,2436,6519
1997,2 star,dubai,1671,4944
1997,5 star,sharjah,1992,7492
1997,4 star,sharjah,872,8203
1997,3 star ,sharjah,0,0
1997,2 star,sharjah,0,0
1996,5 star,abu dhabi,10084,35911
1996,4 star,abu dhabi,7117,35031
1996,3 star ,abu dhabi,69,155
1996,2 star,abu dhabi,0,0
1996,5 star,dubai,38883,91920
1996,4 star,dubai,7423,18074
1996,3 star ,dubai,3551,7281
1996,2 star,dubai,1608,3667
1996,5 star,sharjah,3657,9893
1996,4 star,sharjah,3882,7390
1996,3 star ,sharjah,0,0
1996,2 star,sharjah,0,0
1995,5 star,abu dhabi,1726,7331
1995,4 star,abu dhabi,592,1891
1995,3 star ,abu dhabi,44,146
1995,2 star,abu dhabi,0,0
1995,5 star,dubai,6275,15265
1995,4 star,dubai,1687,2717
1995,3 star ,dubai,85,206
1995,2 star,dubai,692,2664
1995,5 star,sharjah,931,22562
1995,4 star,sharjah,263,1654
1995,3 star ,sharjah,0,0
1995,2 star,sharjah,0,0
1995,5 star, Ajman and Umm Al-Qiwain,0,0
1995,4 star, Ajman and Umm Al-Qiwain,0,0
1995,3 star , Ajman and Umm Al-Qiwain,0,0
1995,2 star, Ajman and Umm Al-Qiwain,0,0
1995,5 star,  Ras Al Khaima and Fujeira ,0,0
1995,4 star,  Ras Al Khaima and Fujeira ,0,0
1995,3 star ,  Ras Al Khaima and Fujeira ,0,0
1995,2 star,  Ras Al Khaima and Fujeira ,0,0
1994,5 star,abu dhabi,1378,3759
1994,4 star,abu dhabi,413,1946
1994,3 star ,abu dhabi,12,25
1994,2 star,abu dhabi,0,0
1994,5 star,dubai,3713,8985
1994,4 star,dubai,1369,2812
1994,3 star ,dubai,5,12
1994,2 star,dubai,167,597
1994,5 star,sharjah,299,1348
1994,4 star,sharjah,2428,41228
1994,3 star ,sharjah,0,0
1994,2 star,sharjah,0,0
1994,5 star, Ajman and Umm Al-Qiwain,0,0
1994,4 star, Ajman and Umm Al-Qiwain,0,0
1994,3 star , Ajman and Umm Al-Qiwain,0,0
1994,2 star, Ajman and Umm Al-Qiwain,0,0
1994,5 star,  Ras Al Khaima and Fujeira ,0,0
1994,4 star,  Ras Al Khaima and Fujeira ,0,0
1994,3 star ,  Ras Al Khaima and Fujeira ,0,0
1994,2 star,  Ras Al Khaima and Fujeira ,0,0
1993,5 star,abu dhabi,672,2149
1993,4 star,abu dhabi,237,1153
1993,3 star ,abu dhabi,30,79
1993,2 star,abu dhabi,0,0
1993,5 star,dubai,2120,7600
1993,4 star,dubai,860,1734
1993,3 star ,dubai,26,51
1993,2 star,dubai,13,20
1993,5 star,sharjah,193,796
1993,4 star,sharjah,1859,36749
1993,3 star ,sharjah,0,0
1993,2 star,sharjah,0,0
1993,5 star, Ajman and Umm Al-Qiwain,0,0
1993,4 star, Ajman and Umm Al-Qiwain,0,0
1993,3 star , Ajman and Umm Al-Qiwain,0,0
1993,2 star, Ajman and Umm Al-Qiwain,0,0
1993,5 star,  Ras Al Khaima and Fujeira ,0,0
1993,4 star,  Ras Al Khaima and Fujeira ,0,0
1993,3 star ,  Ras Al Khaima and Fujeira ,0,0
1993,2 star,  Ras Al Khaima and Fujeira ,0,0
1992,5 star,abu dhabi,773,1876
1992,4 star,abu dhabi,181,721
1992,3 star ,abu dhabi,27,57
1992,2 star,abu dhabi,0,0
1992,5 star,dubai,1979,5868
1992,4 star,dubai,371,766
1992,3 star ,dubai,1157,5669
1992,2 star,dubai,19,162
1992,5 star,sharjah,81,498
1992,4 star,sharjah,1515,34151
1992,3 star ,sharjah,0,0
1992,2 star,sharjah,0,0
1992,5 star, Ajman and Umm Al-Qiwain,0,0
1992,4 star, Ajman and Umm Al-Qiwain,0,0
1992,3 star , Ajman and Umm Al-Qiwain,0,0
1992,2 star, Ajman and Umm Al-Qiwain,0,0
1992,5 star,  Ras Al Khaima and Fujeira ,0,0
1992,4 star,  Ras Al Khaima and Fujeira ,0,0
1992,3 star ,  Ras Al Khaima and Fujeira ,0,0
1992,2 star,  Ras Al Khaima and Fujeira ,0,0
1991,5 star,abu dhabi,610,1866
1991,4 star,abu dhabi,103,498
1991,3 star ,abu dhabi,7,14
1991,2 star,abu dhabi,0,0
1991,5 star,dubai,1617,6229
1991,4 star,dubai,68,169
1991,3 star ,dubai,6,12
1991,2 star,dubai,15,87
1991,5 star,sharjah,68,217
1991,4 star,sharjah,2013,30032
1991,3 star ,sharjah,0,0
1991,2 star,sharjah,0,0
1991,5 star, Ajman and Umm Al-Qiwain,0,0
1991,4 star, Ajman and Umm Al-Qiwain,0,0
1991,3 star , Ajman and Umm Al-Qiwain,0,0
1991,2 star, Ajman and Umm Al-Qiwain,0,0
1991,5 star,  Ras Al Khaima and Fujeira ,0,0
1991,4 star,  Ras Al Khaima and Fujeira ,0,0
1991,3 star ,  Ras Al Khaima and Fujeira ,0,0
1991,2 star,  Ras Al Khaima and Fujeira ,0,0
1990,5 star,abu dhabi,416,1904
1990,4 star,abu dhabi,269,1014
1990,3 star ,abu dhabi,13,19
1990,2 star,abu dhabi,0,0
1990,5 star,dubai,1007,2586
1990,4 star,dubai,104,132
1990,3 star ,dubai,1,3
1990,2 star,dubai,0,0
1990,5 star,sharjah,159,958
1990,4 star,sharjah,1013,13976
1990,3 star ,sharjah,0,0
1990,2 star,sharjah,0,0
1990,5 star, Ajman and Umm Al-Qiwain,0,0
1990,4 star, Ajman and Umm Al-Qiwain,0,0
1990,3 star , Ajman and Umm Al-Qiwain,0,0
1990,2 star, Ajman and Umm Al-Qiwain,0,0
1990,5 star,  Ras Al Khaima and Fujeira ,0,0
1990,4 star,  Ras Al Khaima and Fujeira ,0,0
1990,3 star ,  Ras Al Khaima and Fujeira ,0,0
1990,2 star,  Ras Al Khaima and Fujeira ,0,0
1989,5 star,abu dhabi,579,2183
1989,4 star,abu dhabi,79,286
1989,3 star ,abu dhabi,0,0
1989,2 star,abu dhabi,0,0
1989,5 star,dubai,641,2149
1989,4 star,dubai,133,240
1989,3 star ,dubai,3,59
1989,2 star,dubai,21,30
1989,5 star,sharjah,102,249
1989,4 star,sharjah,65,127
1989,3 star ,sharjah,0,0
1989,2 star,sharjah,0,0
1989,5 star, Ajman and Umm Al-Qiwain,0,0
1989,4 star, Ajman and Umm Al-Qiwain,0,0
1989,3 star , Ajman and Umm Al-Qiwain,0,0
1989,2 star, Ajman and Umm Al-Qiwain,0,0
1989,5 star,  Ras Al Khaima and Fujeira ,0,0
1989,4 star,  Ras Al Khaima and Fujeira ,0,0
1989,3 star ,  Ras Al Khaima and Fujeira ,0,0
1989,2 star,  Ras Al Khaima and Fujeira ,0,0
1988,5 star,abu dhabi,757,2154
1988,4 star,abu dhabi,42,192
1988,3 star ,abu dhabi,0,0
1988,2 star,abu dhabi,0,0
1988,5 star,dubai,1364,3417
1988,4 star,dubai,165,350
1988,3 star ,dubai,0,0
1988,2 star,dubai,0,0
1988,5 star,sharjah,74,255
1988,4 star,sharjah,82,396
1988,3 star ,sharjah,0,0
1988,2 star,sharjah,0,0
1988,5 star, Ajman and Umm Al-Qiwain,0,0
1988,4 star, Ajman and Umm Al-Qiwain,0,0
1988,3 star , Ajman and Umm Al-Qiwain,0,0
1988,2 star, Ajman and Umm Al-Qiwain,0,0
1988,5 star,  Ras Al Khaima and Fujeira ,0,0
1988,4 star,  Ras Al Khaima and Fujeira ,0,0
1988,3 star ,  Ras Al Khaima and Fujeira ,0,0
1988,2 star,  Ras Al Khaima and Fujeira ,0,0
1987,5 star,abu dhabi,462,1972
1987,4 star,abu dhabi,48,171
1987,3 star ,abu dhabi,0,0
1987,2 star,abu dhabi,0,0
1987,5 star,dubai,1143,3267
1987,4 star,dubai,51,136
1987,3 star ,dubai,0,0
1987,2 star,dubai,0,0
1987,5 star,sharjah,162,406
1987,4 star,sharjah,26,74
1987,3 star ,sharjah,0,0
1987,2 star,sharjah,0,0
1987,5 star, Ajman and Umm Al-Qiwain,0,0
1987,4 star, Ajman and Umm Al-Qiwain,0,0
1987,3 star , Ajman and Umm Al-Qiwain,0,0
1987,2 star, Ajman and Umm Al-Qiwain,0,0
1987,5 star,  Ras Al Khaima and Fujeira ,0,0
1987,4 star,  Ras Al Khaima and Fujeira ,0,0
1987,3 star ,  Ras Al Khaima and Fujeira ,0,0
1987,2 star,  Ras Al Khaima and Fujeira ,0,0
1986,5 star,abu dhabi,377,1572
1986,4 star,abu dhabi,75,114
1986,3 star ,abu dhabi,0,0
1986,2 star,abu dhabi,0,0
1986,5 star,dubai,1016,3371
1986,4 star,dubai,99,331
1986,3 star ,dubai,0,0
1986,2 star,dubai,1,1
1986,5 star,sharjah and Ajman,85,632
1986,4 star,sharjah and Ajman,15,128
1986,3 star ,sharjah and Ajman,0,0
1986,2 star,sharjah and Ajman,0,0
1986,5 star, Umm Al-Qiwain,0,0
1986,4 star, Umm Al-Qiwain,0,0
1986,3 star , Umm Al-Qiwain,0,0
1986,2 star, Umm Al-Qiwain,0,0
1986,5 star,  Ras Al Khaima and Fujeira ,0,0
1986,4 star,  Ras Al Khaima and Fujeira ,0,0
1986,3 star ,  Ras Al Khaima and Fujeira ,0,0
1986,2 star,  Ras Al Khaima and Fujeira ,0,0
1985,5 star,abu dhabi,562,1632
1985,4 star,abu dhabi,63,386
1985,3 star ,abu dhabi,0,0
1985,2 star,abu dhabi,0,0
1985,5 star,dubai,1143,6962
1985,4 star,dubai,113,249
1985,3 star ,dubai,6,12
1985,2 star,dubai,0,0
1985,5 star,sharjah and Ajman,163,646
1985,4 star,sharjah and Ajman,13,645
1985,3 star ,sharjah and Ajman,0,0
1985,2 star,sharjah and Ajman,0,0
1985,5 star, Umm Al-Qiwain,0,0
1985,4 star, Umm Al-Qiwain,0,0
1985,3 star , Umm Al-Qiwain,0,0
1985,2 star, Umm Al-Qiwain,0,0
1985,5 star,  Ras Al Khaima and Fujeira ,0,0
1985,4 star,  Ras Al Khaima and Fujeira ,0,0
1985,3 star ,  Ras Al Khaima and Fujeira ,0,0
1985,2 star,  Ras Al Khaima and Fujeira ,0,0
2005,5 star,abu dhabi,3884,11045
2005,4 star,abu dhabi,1848,7390
2005,3 star ,abu dhabi,5,8
2005,2 star,abu dhabi,0,0
2005,5 star,dubai,46583,101013
2005,4 star,dubai,38484,80146
2005,3 star ,dubai,43979,83810
2005,2 star,dubai,2702,7262
2005,5 star,sharjah,177,626
2005,4 star,sharjah,627,1999
2005,3 star ,sharjah,115,689
2005,2 star,sharjah,11,112
2005,5 star, Ajman,333,348
2005,4 star, Ajman,12,12
2005,3 star , Ajman,0,0
2005,2 star, Ajman,0,754
2005,5 star,  Ras Al Khaima and Fujeira ,935,1552
2005,4 star,  Ras Al Khaima and Fujeira ,163,1009
2005,3 star ,  Ras Al Khaima and Fujeira ,202,426
2005,2 star,  Ras Al Khaima and Fujeira ,0,0
2004,5 star,abu dhabi,1106,5245
2004,4 star,abu dhabi,1009,5085
2004,3 star ,abu dhabi,8,18
2004,2 star,abu dhabi,0,0
2004,5 star,dubai,32871,74091
2004,4 star,dubai,29900,64410
2004,3 star ,dubai,30698,53317
2004,2 star,dubai,2453,6144
2004,5 star,sharjah,207,628
2004,4 star,sharjah,6394,13792
2004,3 star ,sharjah,69,278
2004,2 star,sharjah,4,22
2004,5 star, Ajman and Umm Al-Qiwain,15,114
2004,4 star, Ajman and Umm Al-Qiwain,0,0
2004,3 star , Ajman and Umm Al-Qiwain,0,0
2004,2 star, Ajman and Umm Al-Qiwain,0,0
2004,5 star,  Ras Al Khaima and Fujeira ,1710,3785
2004,4 star,  Ras Al Khaima and Fujeira ,190,1019
2004,3 star ,  Ras Al Khaima and Fujeira ,49,92
2004,2 star,  Ras Al Khaima and Fujeira ,0,0
2003,5 star,abu dhabi,1580,4977
2003,4 star,abu dhabi,1182,6896
2003,3 star ,abu dhabi,19,61
2003,2 star,abu dhabi,0,0
2003,5 star,dubai,20698,48134
2003,4 star,dubai,24014,43672
2003,3 star ,dubai,26849,42324
2003,2 star,dubai,1399,3182
2003,5 star,sharjah,327,641
2003,4 star,sharjah,6466,13469
2003,3 star ,sharjah,90,196
2003,2 star,sharjah,5,7
2003,5 star, Ajman and Umm Al-Qiwain,343,501
2003,4 star, Ajman and Umm Al-Qiwain,9,10
2003,3 star , Ajman and Umm Al-Qiwain,0,0
2003,2 star, Ajman and Umm Al-Qiwain,0,0
2003,5 star,  Ras Al Khaima and Fujeira ,1157,2501
2003,4 star,  Ras Al Khaima and Fujeira ,65,661
2003,3 star ,  Ras Al Khaima and Fujeira ,204,365
2003,2 star,  Ras Al Khaima and Fujeira ,0,0
2002,5 star,abu dhabi,1114,3499
2002,4 star,abu dhabi,726,5099
2002,3 star ,abu dhabi,8,14
2002,2 star,abu dhabi,0,0
2002,5 star,dubai,21771,47131
2002,4 star,dubai,20815,33418
2002,3 star ,dubai,20736,31842
2002,2 star,dubai,716,2298
2002,5 star,sharjah,301,1363
2002,4 star,sharjah,1739,4007
2002,3 star ,sharjah,93,292
2002,2 star,sharjah,3,3
2002,5 star, Ajman and Umm Al-Qiwain,0,0
2002,4 star, Ajman and Umm Al-Qiwain,47,68
2002,3 star , Ajman and Umm Al-Qiwain,0,0
2002,2 star, Ajman and Umm Al-Qiwain,0,0
2002,5 star,  Ras Al Khaima and Fujeira ,200,469
2002,4 star,  Ras Al Khaima and Fujeira ,115,393
2002,3 star ,  Ras Al Khaima and Fujeira ,50,111
2002,2 star,  Ras Al Khaima and Fujeira ,0,0
2001,5 star,abu dhabi,696,2345
2001,4 star,abu dhabi,755,5046
2001,3 star ,abu dhabi,15,17
2001,2 star,abu dhabi,0,0
2001,5 star,dubai,16540,35832
2001,4 star,dubai,21011,36299
2001,3 star ,dubai,4850,8206
2001,2 star,dubai,599,1633
2001,5 star,sharjah,308,1150
2001,4 star,sharjah,370,2013
2001,3 star ,sharjah,0,0
2001,2 star,sharjah,0,0
2001,5 star, Ajman and Umm Al-Qiwain,0,0
2001,4 star, Ajman and Umm Al-Qiwain,9,17
2001,3 star , Ajman and Umm Al-Qiwain,0,0
2001,2 star, Ajman and Umm Al-Qiwain,0,0
2001,5 star,  Ras Al Khaima and Fujeira ,43,134
2001,4 star,  Ras Al Khaima and Fujeira ,127,234
2001,3 star ,  Ras Al Khaima and Fujeira ,49,75
2001,2 star,  Ras Al Khaima and Fujeira ,0,0
2000,5 star,abu dhabi,1566,3824
2000,4 star,abu dhabi,1021,6664
2000,3 star ,abu dhabi,36,65
2000,2 star,abu dhabi,0,0
2000,5 star,dubai,12464,32183
2000,4 star,dubai,13405,23502
2000,3 star ,dubai,5497,10519
2000,2 star,dubai,795,3591
2000,5 star,sharjah,201,657
2000,4 star,sharjah,411,1535
2000,3 star ,sharjah,0,0
2000,2 star,sharjah,0,0
1999,5 star,abu dhabi,4203,6831
1999,4 star,abu dhabi,414,6143
1999,3 star ,abu dhabi,42,56
1999,2 star,abu dhabi,0,0
1999,5 star,dubai,15617,34769
1999,4 star,dubai,9123,14696
1999,3 star ,dubai,210,605
1999,2 star,dubai,476,1083
1999,5 star,sharjah,227,683
1999,4 star,sharjah,67,878
1999,3 star ,sharjah,0,0
1999,2 star,sharjah,0,0
1998,5 star,abu dhabi,2579,4407
1998,4 star,abu dhabi,383,3108
1998,3 star ,abu dhabi,51,132
1998,2 star,abu dhabi,0,0
1998,5 star,dubai,13881,37034
1998,4 star,dubai,6199,8754
1998,3 star ,dubai,1043,1339
1998,2 star,dubai,680,1150
1998,5 star,sharjah,418,1064
1998,4 star,sharjah,185,648
1998,3 star ,sharjah,0,0
1998,2 star,sharjah,0,0
1997,5 star,abu dhabi,1218,3533
1997,4 star,abu dhabi,556,3102
1997,3 star ,abu dhabi,101,451
1997,2 star,abu dhabi,0,0
1997,5 star,dubai,5016,13030
1997,4 star,dubai,5296,6474
1997,3 star ,dubai,212,692
1997,2 star,dubai,115,475
1997,5 star,sharjah,470,4130
1997,4 star,sharjah,392,17484
1997,3 star ,sharjah,0,0
1997,2 star,sharjah,0,0
1996,5 star,abu dhabi,1533,3792
1996,4 star,abu dhabi,522,2947
1996,3 star ,abu dhabi,38,465
1996,2 star,abu dhabi,0,0
1996,5 star,dubai,6060,13558
1996,4 star,dubai,1989,3371
1996,3 star ,dubai,206,310
1996,2 star,dubai,48,136
1996,5 star,sharjah,355,1494
1996,4 star,sharjah,5928,24441
1996,3 star ,sharjah,0,0
1996,2 star,sharjah,0,0
